/*
 MIT License

Copyright (c) 2025 EPA CAERS Project Team

Permission is hereby granted, free of charge, to any person obtaining a copy of this software and associated documentation files (the "Software"), to deal in the Software without restriction, including without limitation the rights to use, copy, modify, merge, publish, distribute, sublicense, and/or sell copies of the Software, and to permit persons to whom the Software is furnished to do so, subject to the following conditions:

The above copyright notice and this permission notice shall be included in all copies or substantial portions of the Software.

THE SOFTWARE IS PROVIDED "AS IS", WITHOUT WARRANTY OF ANY KIND, EXPRESS OR IMPLIED, INCLUDING BUT NOT LIMITED TO THE WARRANTIES OF MERCHANTABILITY, FITNESS FOR A PARTICULAR PURPOSE AND NONINFRINGEMENT. IN NO EVENT SHALL THE AUTHORS OR COPYRIGHT HOLDERS BE LIABLE FOR ANY CLAIM, DAMAGES OR OTHER LIABILITY, WHETHER IN AN ACTION OF CONTRACT, TORT OR OTHERWISE, ARISING FROM, OUT OF OR IN CONNECTION WITH THE SOFTWARE OR THE USE OR OTHER DEALINGS IN THE SOFTWARE.
*/
CREATE OR REPLACE FUNCTION loadtest_data_insert (loops INTEGER) 
	RETURNS INTEGER AS $$ 
DECLARE
	base_id INTEGER := 5000000 ; 
	counter INTEGER := 0 ; 
BEGIN

	WHILE counter < loops LOOP
		
		INSERT INTO public.emissions_report (id, eis_program_id, program_system_code, year, status, validation_status, created_by, created_date, last_modified_by, last_modified_date, cromerr_activity_id, cromerr_document_id) VALUES (base_id, '7415011', 'GADNR', 2018, 'APPROVED', 'PASSED', 'user-id', '2020-03-11 10:48:45.427', 'user-id', '2020-03-11 10:48:45.427', NULL, NULL);

		INSERT INTO public.facility_site (id, report_id, agency_facility_identifier, category_code, source_type_code, name, description, status_code, status_year, program_system_code, street_address, city, state_code, country_code, postal_code, latitude, longitude, created_by, created_date, last_modified_by, last_modified_date, mailing_street_address, mailing_city, mailing_state_code, mailing_postal_code, mailing_country_code, eis_program_id, tribal_code, comments, county_code) VALUES (base_id, base_id, '14900001', 'UNK', '125', 'Ga Power Company - Plant Wansley', 'Electric Generation', 'OP', 2018, 'GADNR', '1371 Liberty Church Road', 'Carrollton', 'GA', '', '30116', 33.413100, -85.033600, 'user-id', '2020-03-11 10:48:45.429', 'user-id', '2020-03-11 10:48:45.429', '1371 Liberty Church Road', 'Carrollton', 'GA', '30116', NULL, '7415011', NULL, '', '13149');


		INSERT INTO public.facility_naics_xref (id, facility_site_id, naics_code, naics_code_type, created_by, created_date, last_modified_by, last_modified_date) VALUES (base_id, base_id, 221112, 'PRIMARY', 'user-id', '2020-03-11 10:48:45.51', 'user-id', '2020-03-11 10:48:45.51');


		INSERT INTO public.emissions_unit (id, facility_site_id, unit_identifier, description, type_code, status_code, status_year, created_by, created_date, last_modified_by, last_modified_date, unit_measure_cd, comments, design_capacity) VALUES (base_id, base_id, 'SG02', 'Steam Generating Unit 2', '100', 'OP', 2008, 'user-id', '2020-03-11 10:48:45.432', 'user-id', '2020-03-11 10:48:45.432', 'E6BTU/HR', '', 8240);
		INSERT INTO public.emissions_unit (id, facility_site_id, unit_identifier, description, type_code, status_code, status_year, created_by, created_date, last_modified_by, last_modified_date, unit_measure_cd, comments, design_capacity) VALUES (base_id + 1, base_id, 'SB01', 'Start-up boiler Unit 1', '100', 'OP', NULL, 'user-id', '2020-03-11 10:48:45.47', 'user-id', '2020-03-11 10:48:45.47', 'E3LB/HR', '', 280);
		INSERT INTO public.emissions_unit (id, facility_site_id, unit_identifier, description, type_code, status_code, status_year, created_by, created_date, last_modified_by, last_modified_date, unit_measure_cd, comments, design_capacity) VALUES (base_id + 2, base_id, 'SB02', 'Start-up boiler Unit 2', '100', 'OP', NULL, 'user-id', '2020-03-11 10:48:45.476', 'user-id', '2020-03-11 10:48:45.476', 'E3LB/HR', '', 280);
		INSERT INTO public.emissions_unit (id, facility_site_id, unit_identifier, description, type_code, status_code, status_year, created_by, created_date, last_modified_by, last_modified_date, unit_measure_cd, comments, design_capacity) VALUES (base_id + 3, base_id, 'CT5A', 'Simple cycle combustion turbine 5A', '120', 'OP', 2008, 'user-id', '2020-03-11 10:48:45.481', 'user-id', '2020-03-11 10:48:45.481', 'KW', '', 52800);
		INSERT INTO public.emissions_unit (id, facility_site_id, unit_identifier, description, type_code, status_code, status_year, created_by, created_date, last_modified_by, last_modified_date, unit_measure_cd, comments, design_capacity) VALUES (base_id + 4, base_id, 'SG01', 'Steam Generating Unit 1', '100', 'OP', 2008, 'user-id', '2020-03-11 10:48:45.487', 'user-id', '2020-03-11 10:48:45.487', 'E6BTU/HR', '', 8240);


		INSERT INTO public.emissions_process (id, emissions_unit_id, emissions_process_identifier, status_code, status_year, scc_code, scc_short_name, description, created_by, created_date, last_modified_by, last_modified_date, aircraft_engine_type_code, comments, scc_description) VALUES (base_id, base_id, '3', 'OP', 2008, '10100212', '', 'Burning Coal FGD', 'user-id', '2020-03-11 10:48:45.435', 'user-id', '2020-03-11 10:48:45.435', NULL, '', 'Boiler, Dry Bottom Tangential-fired');
		INSERT INTO public.emissions_process (id, emissions_unit_id, emissions_process_identifier, status_code, status_year, scc_code, scc_short_name, description, created_by, created_date, last_modified_by, last_modified_date, aircraft_engine_type_code, comments, scc_description) VALUES (base_id + 1, base_id, '4', 'OP', 2008, '10100501', '', 'Burning #2 fuel oil FGD', 'user-id', '2020-03-11 10:48:45.451', 'user-id', '2020-03-11 10:48:45.451', NULL, '', 'Boiler');
		INSERT INTO public.emissions_process (id, emissions_unit_id, emissions_process_identifier, status_code, status_year, scc_code, scc_short_name, description, created_by, created_date, last_modified_by, last_modified_date, aircraft_engine_type_code, comments, scc_description) VALUES (base_id + 2, base_id, '2', 'OP', 2008, '10100501', '', 'Burning #2 fuel oil BYP', 'user-id', '2020-03-11 10:48:45.456', 'user-id', '2020-03-11 10:48:45.456', NULL, '', 'Boiler');
		INSERT INTO public.emissions_process (id, emissions_unit_id, emissions_process_identifier, status_code, status_year, scc_code, scc_short_name, description, created_by, created_date, last_modified_by, last_modified_date, aircraft_engine_type_code, comments, scc_description) VALUES (base_id + 3, base_id, '1', 'OP', 2008, '10100212', '', 'Burning coal BYP', 'user-id', '2020-03-11 10:48:45.461', 'user-id', '2020-03-11 10:48:45.461', NULL, '', 'Boiler, Dry Bottom Tangential-fired');
		INSERT INTO public.emissions_process (id, emissions_unit_id, emissions_process_identifier, status_code, status_year, scc_code, scc_short_name, description, created_by, created_date, last_modified_by, last_modified_date, aircraft_engine_type_code, comments, scc_description) VALUES (base_id + 4, base_id + 1, '1', 'OP', NULL, '10100501', '', 'Burning #2 fuel oil', 'user-id', '2020-03-11 10:48:45.47', 'user-id', '2020-03-11 10:48:45.47', NULL, '', 'Boiler');
		INSERT INTO public.emissions_process (id, emissions_unit_id, emissions_process_identifier, status_code, status_year, scc_code, scc_short_name, description, created_by, created_date, last_modified_by, last_modified_date, aircraft_engine_type_code, comments, scc_description) VALUES (base_id + 5, base_id + 2, '1', 'OP', NULL, '10100501', '', 'Burning #2 fuel oil', 'user-id', '2020-03-11 10:48:45.477', 'user-id', '2020-03-11 10:48:45.477', NULL, '', 'Boiler');
		INSERT INTO public.emissions_process (id, emissions_unit_id, emissions_process_identifier, status_code, status_year, scc_code, scc_short_name, description, created_by, created_date, last_modified_by, last_modified_date, aircraft_engine_type_code, comments, scc_description) VALUES (base_id + 6, base_id + 3, '1', 'OP', 2008, '20100101', '', 'Burning #2 fuel oil', 'user-id', '2020-03-11 10:48:45.482', 'user-id', '2020-03-11 10:48:45.482', NULL, '', 'Turbine');
		INSERT INTO public.emissions_process (id, emissions_unit_id, emissions_process_identifier, status_code, status_year, scc_code, scc_short_name, description, created_by, created_date, last_modified_by, last_modified_date, aircraft_engine_type_code, comments, scc_description) VALUES (base_id + 7, base_id + 4, '2', 'OP', 2008, '10100501', '', 'Burning #2 fuel oil BYP', 'user-id', '2020-03-11 10:48:45.487', 'user-id', '2020-03-11 10:48:45.487', NULL, '', 'Boiler');
		INSERT INTO public.emissions_process (id, emissions_unit_id, emissions_process_identifier, status_code, status_year, scc_code, scc_short_name, description, created_by, created_date, last_modified_by, last_modified_date, aircraft_engine_type_code, comments, scc_description) VALUES (base_id + 8, base_id + 4, '3', 'OP', 2008, '10100212', '', 'Burning Coal FGD', 'user-id', '2020-03-11 10:48:45.492', 'user-id', '2020-03-11 10:48:45.492', NULL, '', 'Boiler, Dry Bottom Tangential-fired');
		INSERT INTO public.emissions_process (id, emissions_unit_id, emissions_process_identifier, status_code, status_year, scc_code, scc_short_name, description, created_by, created_date, last_modified_by, last_modified_date, aircraft_engine_type_code, comments, scc_description) VALUES (base_id + 9, base_id + 4, '4', 'OP', 2008, '10100501', '', 'Burning #2 fuel oil FGD', 'user-id', '2020-03-11 10:48:45.499', 'user-id', '2020-03-11 10:48:45.499', NULL, '', 'Boiler');
		INSERT INTO public.emissions_process (id, emissions_unit_id, emissions_process_identifier, status_code, status_year, scc_code, scc_short_name, description, created_by, created_date, last_modified_by, last_modified_date, aircraft_engine_type_code, comments, scc_description) VALUES (base_id + 10, base_id + 4, '1', 'OP', 2008, '10100212', '', 'Burning coal BYP', 'user-id', '2020-03-11 10:48:45.503', 'user-id', '2020-03-11 10:48:45.503', NULL, '', 'Boiler, Dry Bottom Tangential-fired');


		INSERT INTO public.reporting_period (id, emissions_process_id, reporting_period_type_code, emissions_operating_type_code, calculation_parameter_type_code, calculation_parameter_value, calculation_parameter_uom, calculation_material_code, created_by, created_date, last_modified_by, last_modified_date, comments) VALUES (base_id, base_id, 'A', 'R', 'I', 626617, 'TON', '717', 'user-id', '2020-03-11 10:48:45.438', 'user-id', '2020-03-11 10:48:45.438', 'Comment from 2017 EIS: Comment from 2016 EIS:');
		INSERT INTO public.reporting_period (id, emissions_process_id, reporting_period_type_code, emissions_operating_type_code, calculation_parameter_type_code, calculation_parameter_value, calculation_parameter_uom, calculation_material_code, created_by, created_date, last_modified_by, last_modified_date, comments) VALUES (base_id + 1, base_id + 1, 'A', 'R', 'I', 347.13, 'E3GAL', '58', 'user-id', '2020-03-11 10:48:45.452', 'user-id', '2020-03-11 10:48:45.452', 'Comment from 2017 EIS: Comment from 2016 EIS:');
		INSERT INTO public.reporting_period (id, emissions_process_id, reporting_period_type_code, emissions_operating_type_code, calculation_parameter_type_code, calculation_parameter_value, calculation_parameter_uom, calculation_material_code, created_by, created_date, last_modified_by, last_modified_date, comments) VALUES (base_id + 2, base_id + 2, 'A', 'R', 'I', 0.001, 'E3GAL', '158', 'user-id', '2020-03-11 10:48:45.457', 'user-id', '2020-03-11 10:48:45.457', 'Comment from 2017 EIS: Comment from 2016 EIS: Comment by Erica Stephens from 2015 EIS: Comment by Anna Aponte from 2014 EIS: Comment by Anna Aponte from 2013 EIS: Comment by Anna Aponte from 2012 EIS: Generic Material provided by GADNR');
		INSERT INTO public.reporting_period (id, emissions_process_id, reporting_period_type_code, emissions_operating_type_code, calculation_parameter_type_code, calculation_parameter_value, calculation_parameter_uom, calculation_material_code, created_by, created_date, last_modified_by, last_modified_date, comments) VALUES (base_id + 3, base_id + 3, 'A', 'R', 'I', 0.001, 'TON', '158', 'user-id', '2020-03-11 10:48:45.461', 'user-id', '2020-03-11 10:48:45.461', 'Comment from 2017 EIS: Comment from 2016 EIS: Comment by Erica Stephens from 2015 EIS: Comment by Anna Aponte from 2014 EIS: Comment by Anna Aponte from 2013 EIS: Comment by Anna Aponte from 2012 EIS: Generic Material provided by GADNR');
		INSERT INTO public.reporting_period (id, emissions_process_id, reporting_period_type_code, emissions_operating_type_code, calculation_parameter_type_code, calculation_parameter_value, calculation_parameter_uom, calculation_material_code, created_by, created_date, last_modified_by, last_modified_date, comments) VALUES (base_id + 4, base_id + 4, 'A', 'R', 'I', 180.57, 'E3GAL', '58', 'user-id', '2020-03-11 10:48:45.471', 'user-id', '2020-03-11 10:48:45.471', 'Comment from 2017 EIS: Comment from 2016 EIS:');
		INSERT INTO public.reporting_period (id, emissions_process_id, reporting_period_type_code, emissions_operating_type_code, calculation_parameter_type_code, calculation_parameter_value, calculation_parameter_uom, calculation_material_code, created_by, created_date, last_modified_by, last_modified_date, comments) VALUES (base_id + 5, base_id + 5, 'A', 'R', 'I', 144.84, 'E3GAL', '58', 'user-id', '2020-03-11 10:48:45.477', 'user-id', '2020-03-11 10:48:45.477', 'Comment from 2017 EIS: Comment from 2016 EIS:');
		INSERT INTO public.reporting_period (id, emissions_process_id, reporting_period_type_code, emissions_operating_type_code, calculation_parameter_type_code, calculation_parameter_value, calculation_parameter_uom, calculation_material_code, created_by, created_date, last_modified_by, last_modified_date, comments) VALUES (base_id + 6, base_id + 6, 'A', 'R', 'I', 25.73, 'E3GAL', '58', 'user-id', '2020-03-11 10:48:45.482', 'user-id', '2020-03-11 10:48:45.482', 'Comment from 2017 EIS: Comment from 2016 EIS:');
		INSERT INTO public.reporting_period (id, emissions_process_id, reporting_period_type_code, emissions_operating_type_code, calculation_parameter_type_code, calculation_parameter_value, calculation_parameter_uom, calculation_material_code, created_by, created_date, last_modified_by, last_modified_date, comments) VALUES (base_id + 7, base_id + 7, 'A', 'R', 'I', 0.001, 'E3GAL', '58', 'user-id', '2020-03-11 10:48:45.488', 'user-id', '2020-03-11 10:48:45.488', 'Comment from 2017 EIS: Comment from 2016 EIS:');
		INSERT INTO public.reporting_period (id, emissions_process_id, reporting_period_type_code, emissions_operating_type_code, calculation_parameter_type_code, calculation_parameter_value, calculation_parameter_uom, calculation_material_code, created_by, created_date, last_modified_by, last_modified_date, comments) VALUES (base_id + 8, base_id + 8, 'A', 'R', 'I', 612912, 'TON', '717', 'user-id', '2020-03-11 10:48:45.493', 'user-id', '2020-03-11 10:48:45.493', 'Comment from 2017 EIS: Comment from 2016 EIS:');
		INSERT INTO public.reporting_period (id, emissions_process_id, reporting_period_type_code, emissions_operating_type_code, calculation_parameter_type_code, calculation_parameter_value, calculation_parameter_uom, calculation_material_code, created_by, created_date, last_modified_by, last_modified_date, comments) VALUES (base_id + 9, base_id + 9, 'A', 'R', 'I', 309.01, 'E3GAL', '58', 'user-id', '2020-03-11 10:48:45.5', 'user-id', '2020-03-11 10:48:45.5', 'Comment from 2017 EIS: Comment from 2016 EIS:');
		INSERT INTO public.reporting_period (id, emissions_process_id, reporting_period_type_code, emissions_operating_type_code, calculation_parameter_type_code, calculation_parameter_value, calculation_parameter_uom, calculation_material_code, created_by, created_date, last_modified_by, last_modified_date, comments) VALUES (base_id + 10, base_id + 10, 'A', 'R', 'I', 0.001, 'TON', '717', 'user-id', '2020-03-11 10:48:45.504', 'user-id', '2020-03-11 10:48:45.504', 'Comment from 2017 EIS: Comment from 2016 EIS:');


		INSERT INTO public.operating_detail (id, reporting_period_id, actual_hours_per_period, avg_hours_per_day, avg_days_per_week, avg_weeks_per_period, percent_winter, percent_spring, percent_summer, percent_fall, created_by, created_date, last_modified_by, last_modified_date) VALUES (base_id, base_id, 3164, 24.0, 7.0, 18, 34.1, 18.2, 21.0, 26.7, 'user-id', '2020-03-11 10:48:45.448', 'user-id', '2020-03-11 10:48:45.448');
		INSERT INTO public.operating_detail (id, reporting_period_id, actual_hours_per_period, avg_hours_per_day, avg_days_per_week, avg_weeks_per_period, percent_winter, percent_spring, percent_summer, percent_fall, created_by, created_date, last_modified_by, last_modified_date) VALUES (base_id + 1, base_id + 1, 3164, 24.0, 7.0, 18, 63.0, 23.1, 1.1, 12.8, 'user-id', '2020-03-11 10:48:45.455', 'user-id', '2020-03-11 10:48:45.455');
		INSERT INTO public.operating_detail (id, reporting_period_id, actual_hours_per_period, avg_hours_per_day, avg_days_per_week, avg_weeks_per_period, percent_winter, percent_spring, percent_summer, percent_fall, created_by, created_date, last_modified_by, last_modified_date) VALUES (base_id + 2, base_id + 2, 1, 24.0, 0.1, 1, 63.0, 23.1, 1.1, 12.8, 'user-id', '2020-03-11 10:48:45.46', 'user-id', '2020-03-11 10:48:45.46');
		INSERT INTO public.operating_detail (id, reporting_period_id, actual_hours_per_period, avg_hours_per_day, avg_days_per_week, avg_weeks_per_period, percent_winter, percent_spring, percent_summer, percent_fall, created_by, created_date, last_modified_by, last_modified_date) VALUES (base_id + 3, base_id + 3, 1, 24.0, 0.1, 1, 34.1, 18.2, 21.0, 26.7, 'user-id', '2020-03-11 10:48:45.469', 'user-id', '2020-03-11 10:48:45.469');
		INSERT INTO public.operating_detail (id, reporting_period_id, actual_hours_per_period, avg_hours_per_day, avg_days_per_week, avg_weeks_per_period, percent_winter, percent_spring, percent_summer, percent_fall, created_by, created_date, last_modified_by, last_modified_date) VALUES (base_id + 4, base_id + 4, 79, 8.0, 1.0, 8, 42.2, 6.7, 28.8, 22.3, 'user-id', '2020-03-11 10:48:45.476', 'user-id', '2020-03-11 10:48:45.476');
		INSERT INTO public.operating_detail (id, reporting_period_id, actual_hours_per_period, avg_hours_per_day, avg_days_per_week, avg_weeks_per_period, percent_winter, percent_spring, percent_summer, percent_fall, created_by, created_date, last_modified_by, last_modified_date) VALUES (base_id + 5, base_id + 5, 63, 8.0, 1.0, 8, 19.9, 18.1, 37.7, 24.3, 'user-id', '2020-03-11 10:48:45.481', 'user-id', '2020-03-11 10:48:45.481');
		INSERT INTO public.operating_detail (id, reporting_period_id, actual_hours_per_period, avg_hours_per_day, avg_days_per_week, avg_weeks_per_period, percent_winter, percent_spring, percent_summer, percent_fall, created_by, created_date, last_modified_by, last_modified_date) VALUES (base_id + 6, base_id + 6, 23, 4.0, 5.0, 1, 26.1, 21.9, 8.8, 43.2, 'user-id', '2020-03-11 10:48:45.486', 'user-id', '2020-03-11 10:48:45.486');
		INSERT INTO public.operating_detail (id, reporting_period_id, actual_hours_per_period, avg_hours_per_day, avg_days_per_week, avg_weeks_per_period, percent_winter, percent_spring, percent_summer, percent_fall, created_by, created_date, last_modified_by, last_modified_date) VALUES (base_id + 7, base_id + 7, 1, 24.0, 0.1, 1, 4.2, 10.8, 51.5, 33.5, 'user-id', '2020-03-11 10:48:45.491', 'user-id', '2020-03-11 10:48:45.491');
		INSERT INTO public.operating_detail (id, reporting_period_id, actual_hours_per_period, avg_hours_per_day, avg_days_per_week, avg_weeks_per_period, percent_winter, percent_spring, percent_summer, percent_fall, created_by, created_date, last_modified_by, last_modified_date) VALUES (base_id + 8, base_id + 8, 3079, 24.0, 7.0, 18, 18.2, 5.5, 38.0, 38.3, 'user-id', '2020-03-11 10:48:45.499', 'user-id', '2020-03-11 10:48:45.499');
		INSERT INTO public.operating_detail (id, reporting_period_id, actual_hours_per_period, avg_hours_per_day, avg_days_per_week, avg_weeks_per_period, percent_winter, percent_spring, percent_summer, percent_fall, created_by, created_date, last_modified_by, last_modified_date) VALUES (base_id + 9, base_id + 9, 3079, 24.0, 7.0, 18, 4.2, 10.8, 51.5, 33.5, 'user-id', '2020-03-11 10:48:45.503', 'user-id', '2020-03-11 10:48:45.503');
		INSERT INTO public.operating_detail (id, reporting_period_id, actual_hours_per_period, avg_hours_per_day, avg_days_per_week, avg_weeks_per_period, percent_winter, percent_spring, percent_summer, percent_fall, created_by, created_date, last_modified_by, last_modified_date) VALUES (base_id + 10, base_id + 10, 1, 1.0, 0.1, 1, 18.2, 5.5, 38.0, 38.3, 'user-id', '2020-03-11 10:48:45.51', 'user-id', '2020-03-11 10:48:45.51');


		INSERT INTO public.emission (id, reporting_period_id, pollutant_code, total_emissions, emissions_uom_code, emissions_factor, emissions_factor_text, emissions_calc_method_code, created_by, created_date, last_modified_by, last_modified_date, comments, emissions_numerator_uom, emissions_denominator_uom, calculated_emissions_tons, formula_indicator, emissions_factor_formula, total_manual_entry, calculation_comment, overall_control_percent) VALUES (base_id, base_id, 'VOC', 18.8, 'TON', 0.06, '', '8', 'user-id', '2020-03-11 10:48:45.44', 'user-id', '2020-03-11 10:48:45.44', 'Comment from 2017 EIS: Comment from 2016 EIS: Comment by Erica Stephens from 2015 EIS:Comment by Anna Aponte from 2014 EIS:Comment by Anna Aponte from 2013 EIS:Comment by Anna Aponte from 2012 EIS:Comment by Steve Ewald from 2011 EIS:Comment by Julie Paul', 'LB', 'TON', 18.8, false, NULL, false, NULL, NULL);
		INSERT INTO public.emission (id, reporting_period_id, pollutant_code, total_emissions, emissions_uom_code, emissions_factor, emissions_factor_text, emissions_calc_method_code, created_by, created_date, last_modified_by, last_modified_date, comments, emissions_numerator_uom, emissions_denominator_uom, calculated_emissions_tons, formula_indicator, emissions_factor_formula, total_manual_entry, calculation_comment, overall_control_percent) VALUES (base_id + 1, base_id, 'CO', 156.65, 'TON', 0.5, '', '8', 'user-id', '2020-03-11 10:48:45.443', 'user-id', '2020-03-11 10:48:45.443', 'Comment from 2017 EIS: Comment from 2016 EIS: Comment by Erica Stephens from 2015 EIS:Comment by Anna Aponte from 2014 EIS:Comment by Anna Aponte from 2013 EIS:Comment by Anna Aponte from 2012 EIS:Comment by Steve Ewald from 2011 EIS:Comment by Julie Paul', 'LB', 'TON', 156.65, false, NULL, false, NULL, NULL);
		INSERT INTO public.emission (id, reporting_period_id, pollutant_code, total_emissions, emissions_uom_code, emissions_factor, emissions_factor_text, emissions_calc_method_code, created_by, created_date, last_modified_by, last_modified_date, comments, emissions_numerator_uom, emissions_denominator_uom, calculated_emissions_tons, formula_indicator, emissions_factor_formula, total_manual_entry, calculation_comment, overall_control_percent) VALUES (base_id + 2, base_id, 'NOX', 854.54, 'TON', NULL, '', '1', 'user-id', '2020-03-11 10:48:45.444', 'user-id', '2020-03-11 10:48:45.444', 'Comment from 2017 EIS: Comment from 2016 EIS: Comment by Erica Stephens from 2015 EIS:Comment by Anna Aponte from 2014 EIS:Comment by Anna Aponte from 2013 EIS:Comment by Anna Aponte from 2012 EIS:Comment by Steve Ewald from 2011 EIS:Comment by Julie Paul', NULL, NULL, 854.54, false, NULL, false, NULL, NULL);
		INSERT INTO public.emission (id, reporting_period_id, pollutant_code, total_emissions, emissions_uom_code, emissions_factor, emissions_factor_text, emissions_calc_method_code, created_by, created_date, last_modified_by, last_modified_date, comments, emissions_numerator_uom, emissions_denominator_uom, calculated_emissions_tons, formula_indicator, emissions_factor_formula, total_manual_entry, calculation_comment, overall_control_percent) VALUES (base_id + 3, base_id, 'PM10-PRI', 56.833, 'TON', NULL, '', '2', 'user-id', '2020-03-11 10:48:45.444', 'user-id', '2020-03-11 10:48:45.444', 'Comment from 2017 EIS: Comment from 2016 EIS: Comment by Erica Stephens from 2015 EIS:Comment by Anna Aponte from 2014 EIS:Comment by Anna Aponte from 2013 EIS:Comment by Anna Aponte from 2012 EIS:Comment by Steve Ewald from 2011 EIS:Comment by Julie Paul', NULL, NULL, 56.833, false, NULL, false, NULL, NULL);
		INSERT INTO public.emission (id, reporting_period_id, pollutant_code, total_emissions, emissions_uom_code, emissions_factor, emissions_factor_text, emissions_calc_method_code, created_by, created_date, last_modified_by, last_modified_date, comments, emissions_numerator_uom, emissions_denominator_uom, calculated_emissions_tons, formula_indicator, emissions_factor_formula, total_manual_entry, calculation_comment, overall_control_percent) VALUES (base_id + 4, base_id, 'PM25-PRI', 52.38, 'TON', NULL, '', '2', 'user-id', '2020-03-11 10:48:45.445', 'user-id', '2020-03-11 10:48:45.445', 'Comment from 2017 EIS: Comment from 2016 EIS: Comment by Erica Stephens from 2015 EIS:Comment by Anna Aponte from 2014 EIS:Comment by Anna Aponte from 2013 EIS:Comment by Anna Aponte from 2012 EIS:Comment by Steve Ewald from 2011 EIS:Comment by Julie Paul', NULL, NULL, 52.38, false, NULL, false, NULL, NULL);
		INSERT INTO public.emission (id, reporting_period_id, pollutant_code, total_emissions, emissions_uom_code, emissions_factor, emissions_factor_text, emissions_calc_method_code, created_by, created_date, last_modified_by, last_modified_date, comments, emissions_numerator_uom, emissions_denominator_uom, calculated_emissions_tons, formula_indicator, emissions_factor_formula, total_manual_entry, calculation_comment, overall_control_percent) VALUES (base_id + 5, base_id, 'SO2', 1047, 'TON', NULL, '', '1', 'user-id', '2020-03-11 10:48:45.446', 'user-id', '2020-03-11 10:48:45.446', 'Comment from 2017 EIS: Comment from 2016 EIS: Comment by Erica Stephens from 2015 EIS:Comment by Anna Aponte from 2014 EIS:Comment by Anna Aponte from 2013 EIS:Comment by Anna Aponte from 2012 EIS:Comment by Steve Ewald from 2011 EIS:Comment by Julie Paul', NULL, NULL, 1047, false, NULL, false, NULL, NULL);
		INSERT INTO public.emission (id, reporting_period_id, pollutant_code, total_emissions, emissions_uom_code, emissions_factor, emissions_factor_text, emissions_calc_method_code, created_by, created_date, last_modified_by, last_modified_date, comments, emissions_numerator_uom, emissions_denominator_uom, calculated_emissions_tons, formula_indicator, emissions_factor_formula, total_manual_entry, calculation_comment, overall_control_percent) VALUES (base_id + 6, base_id, 'NH3', 1.7559, 'TON', 1.797, 'Emission totals are calculated for TRI Reporting using EPRI methodology with site specific data', '12', 'user-id', '2020-03-11 10:48:45.447', 'user-id', '2020-03-11 10:48:45.447', 'Comment from 2017 EIS: Comment from 2016 EIS: Comment by Erica Stephens from 2015 EIS:Comment by Anna Aponte from 2014 EIS:Comment by Anna Aponte from 2013 EIS:Comment by Anna Aponte from 2012 EIS:Comment by Steve Ewald from 2011 EIS:Comment by Julie Paul', 'TON', 'EACH', 1.7559, false, NULL, false, NULL, NULL);
		INSERT INTO public.emission (id, reporting_period_id, pollutant_code, total_emissions, emissions_uom_code, emissions_factor, emissions_factor_text, emissions_calc_method_code, created_by, created_date, last_modified_by, last_modified_date, comments, emissions_numerator_uom, emissions_denominator_uom, calculated_emissions_tons, formula_indicator, emissions_factor_formula, total_manual_entry, calculation_comment, overall_control_percent) VALUES (base_id + 7, base_id, 'PM-CON', 41.026, 'TON', NULL, '', '2', 'user-id', '2020-03-11 10:48:45.447', 'user-id', '2020-03-11 10:48:45.447', 'Comment from 2017 EIS: Equation approved by EPD, developed as part of 2006 BART analyses: PM cond = H2SO4 + 0.0032 * SO2.Comment from 2016 EIS: Comment by Erica Stephens from 2015 EIS:Comment by Anna Aponte from 2014 EIS:Comment by Anna Aponte from 2013', NULL, NULL, 41.026, false, NULL, false, NULL, NULL);
		INSERT INTO public.emission (id, reporting_period_id, pollutant_code, total_emissions, emissions_uom_code, emissions_factor, emissions_factor_text, emissions_calc_method_code, created_by, created_date, last_modified_by, last_modified_date, comments, emissions_numerator_uom, emissions_denominator_uom, calculated_emissions_tons, formula_indicator, emissions_factor_formula, total_manual_entry, calculation_comment, overall_control_percent) VALUES (base_id + 8, base_id, '7439921', 0.0145, 'TON', 0.022, 'Emission totals are calculated for TRI Reporting using EPRI methodology with site specific data', '12', 'user-id', '2020-03-11 10:48:45.448', 'user-id', '2020-03-11 10:48:45.448', 'Comment from 2017 EIS: Comment from 2016 EIS: Comment by Erica Stephens from 2015 EIS:Comment by Anna Aponte from 2014 EIS:Comment by Anna Aponte from 2013 EIS:Comment by Anna Aponte from 2012 EIS:Comment by Steve Ewald from 2011 EIS:Comment by Julie Paul', 'TON', 'EACH', 0.0145, false, NULL, false, NULL, NULL);
		INSERT INTO public.emission (id, reporting_period_id, pollutant_code, total_emissions, emissions_uom_code, emissions_factor, emissions_factor_text, emissions_calc_method_code, created_by, created_date, last_modified_by, last_modified_date, comments, emissions_numerator_uom, emissions_denominator_uom, calculated_emissions_tons, formula_indicator, emissions_factor_formula, total_manual_entry, calculation_comment, overall_control_percent) VALUES (base_id + 9, base_id + 1, 'VOC', 0.0347, 'TON', 0.2, '', '8', 'user-id', '2020-03-11 10:48:45.452', 'user-id', '2020-03-11 10:48:45.452', 'Comment from 2017 EIS: Comment from 2016 EIS: Comment by Erica Stephens from 2015 EIS:Comment by Anna Aponte from 2014 EIS:Comment by Anna Aponte from 2013 EIS:Comment by Anna Aponte from 2012 EIS:Comment by Steve Ewald from 2011 EIS:Comment by Julie Paul', 'LB', 'E3GAL', 0.0347, false, NULL, false, NULL, NULL);
		INSERT INTO public.emission (id, reporting_period_id, pollutant_code, total_emissions, emissions_uom_code, emissions_factor, emissions_factor_text, emissions_calc_method_code, created_by, created_date, last_modified_by, last_modified_date, comments, emissions_numerator_uom, emissions_denominator_uom, calculated_emissions_tons, formula_indicator, emissions_factor_formula, total_manual_entry, calculation_comment, overall_control_percent) VALUES (base_id + 10, base_id + 1, 'PM10-FIL', 0.1736, 'TON', 1, '', '8', 'user-id', '2020-03-11 10:48:45.453', 'user-id', '2020-03-11 10:48:45.453', 'Comment from 2017 EIS: Comment from 2016 EIS:', 'LB', 'E3GAL', 0.1736, false, NULL, false, NULL, NULL);
		INSERT INTO public.emission (id, reporting_period_id, pollutant_code, total_emissions, emissions_uom_code, emissions_factor, emissions_factor_text, emissions_calc_method_code, created_by, created_date, last_modified_by, last_modified_date, comments, emissions_numerator_uom, emissions_denominator_uom, calculated_emissions_tons, formula_indicator, emissions_factor_formula, total_manual_entry, calculation_comment, overall_control_percent) VALUES (base_id + 11, base_id + 1, 'CO', 0.8678, 'TON', 5, '', '8', 'user-id', '2020-03-11 10:48:45.454', 'user-id', '2020-03-11 10:48:45.454', 'Comment from 2017 EIS: Comment from 2016 EIS: Comment by Erica Stephens from 2015 EIS:Comment by Anna Aponte from 2014 EIS:Comment by Anna Aponte from 2013 EIS:Comment by Anna Aponte from 2012 EIS:Comment by Steve Ewald from 2011 EIS:Comment by Julie Paul', 'LB', 'E3GAL', 0.8678, false, NULL, false, NULL, NULL);
		INSERT INTO public.emission (id, reporting_period_id, pollutant_code, total_emissions, emissions_uom_code, emissions_factor, emissions_factor_text, emissions_calc_method_code, created_by, created_date, last_modified_by, last_modified_date, comments, emissions_numerator_uom, emissions_denominator_uom, calculated_emissions_tons, formula_indicator, emissions_factor_formula, total_manual_entry, calculation_comment, overall_control_percent) VALUES (base_id + 12, base_id + 1, 'PM25-FIL', 0.0417, 'TON', 0.24, '', '8', 'user-id', '2020-03-11 10:48:45.455', 'user-id', '2020-03-11 10:48:45.455', 'Comment from 2017 EIS: Comment from 2016 EIS:', 'LB', 'E3GAL', 0.0417, false, NULL, false, NULL, NULL);
		INSERT INTO public.emission (id, reporting_period_id, pollutant_code, total_emissions, emissions_uom_code, emissions_factor, emissions_factor_text, emissions_calc_method_code, created_by, created_date, last_modified_by, last_modified_date, comments, emissions_numerator_uom, emissions_denominator_uom, calculated_emissions_tons, formula_indicator, emissions_factor_formula, total_manual_entry, calculation_comment, overall_control_percent) VALUES (base_id + 13, base_id + 2, 'CO', 0, 'TON', 5, '', '8', 'user-id', '2020-03-11 10:48:45.457', 'user-id', '2020-03-11 10:48:45.457', 'Comment from 2017 EIS: Comment from 2016 EIS: Comment by Erica Stephens from 2015 EIS:Comment by Anna Aponte from 2014 EIS:Comment by Anna Aponte from 2013 EIS:Comment by Anna Aponte from 2012 EIS:Emission Factor modified during 2009 NIF to EIS Conversion', 'LB', 'E3GAL', 0, false, NULL, false, NULL, NULL);
		INSERT INTO public.emission (id, reporting_period_id, pollutant_code, total_emissions, emissions_uom_code, emissions_factor, emissions_factor_text, emissions_calc_method_code, created_by, created_date, last_modified_by, last_modified_date, comments, emissions_numerator_uom, emissions_denominator_uom, calculated_emissions_tons, formula_indicator, emissions_factor_formula, total_manual_entry, calculation_comment, overall_control_percent) VALUES (base_id + 14, base_id + 2, 'PM10-PRI', 0, 'TON', 1, '', '8', 'user-id', '2020-03-11 10:48:45.458', 'user-id', '2020-03-11 10:48:45.458', 'Comment from 2017 EIS: Comment from 2016 EIS: Comment by Erica Stephens from 2015 EIS:Comment by Anna Aponte from 2014 EIS:Comment by Anna Aponte from 2013 EIS:Comment by Anna Aponte from 2012 EIS:Emission Factor modified during 2009 NIF to EIS Conversion', 'LB', 'E3GAL', 0, false, NULL, false, NULL, NULL);
		INSERT INTO public.emission (id, reporting_period_id, pollutant_code, total_emissions, emissions_uom_code, emissions_factor, emissions_factor_text, emissions_calc_method_code, created_by, created_date, last_modified_by, last_modified_date, comments, emissions_numerator_uom, emissions_denominator_uom, calculated_emissions_tons, formula_indicator, emissions_factor_formula, total_manual_entry, calculation_comment, overall_control_percent) VALUES (base_id + 15, base_id + 2, 'VOC', 0, 'TON', 0.2, '', '8', 'user-id', '2020-03-11 10:48:45.459', 'user-id', '2020-03-11 10:48:45.459', 'Comment from 2017 EIS: Comment from 2016 EIS: Comment by Erica Stephens from 2015 EIS:Comment by Anna Aponte from 2014 EIS:Comment by Anna Aponte from 2013 EIS:Comment by Anna Aponte from 2012 EIS:Emission Factor modified during 2009 NIF to EIS Conversion', 'LB', 'E3GAL', 0, false, NULL, false, NULL, NULL);
		INSERT INTO public.emission (id, reporting_period_id, pollutant_code, total_emissions, emissions_uom_code, emissions_factor, emissions_factor_text, emissions_calc_method_code, created_by, created_date, last_modified_by, last_modified_date, comments, emissions_numerator_uom, emissions_denominator_uom, calculated_emissions_tons, formula_indicator, emissions_factor_formula, total_manual_entry, calculation_comment, overall_control_percent) VALUES (base_id + 16, base_id + 2, 'PM25-PRI', 0, 'TON', 0.24, '', '8', 'user-id', '2020-03-11 10:48:45.46', 'user-id', '2020-03-11 10:48:45.46', 'Comment from 2017 EIS: Comment from 2016 EIS: Comment by Erica Stephens from 2015 EIS:Comment by Anna Aponte from 2014 EIS:Comment by Anna Aponte from 2013 EIS:Comment by Anna Aponte from 2012 EIS:Emission Factor modified during 2009 NIF to EIS Conversion', 'LB', 'E3GAL', 0, false, NULL, false, NULL, NULL);
		INSERT INTO public.emission (id, reporting_period_id, pollutant_code, total_emissions, emissions_uom_code, emissions_factor, emissions_factor_text, emissions_calc_method_code, created_by, created_date, last_modified_by, last_modified_date, comments, emissions_numerator_uom, emissions_denominator_uom, calculated_emissions_tons, formula_indicator, emissions_factor_formula, total_manual_entry, calculation_comment, overall_control_percent) VALUES (base_id + 17, base_id + 3, '7439921', 0, 'TON', NULL, '', '2', 'user-id', '2020-03-11 10:48:45.462', 'user-id', '2020-03-11 10:48:45.462', 'Comment from 2017 EIS: Emission totals are calculated for TRI Reporting using EPRI methodology with site specific data.Comment from 2016 EIS: Comment by Erica Stephens from 2015 EIS:Comment by Anna Aponte from 2014 EIS:Comment by Anna Aponte from 2013 EI', NULL, NULL, 0, false, NULL, false, NULL, NULL);
		INSERT INTO public.emission (id, reporting_period_id, pollutant_code, total_emissions, emissions_uom_code, emissions_factor, emissions_factor_text, emissions_calc_method_code, created_by, created_date, last_modified_by, last_modified_date, comments, emissions_numerator_uom, emissions_denominator_uom, calculated_emissions_tons, formula_indicator, emissions_factor_formula, total_manual_entry, calculation_comment, overall_control_percent) VALUES (base_id + 18, base_id + 3, 'PM10-PRI', 0, 'TON', NULL, '', '2', 'user-id', '2020-03-11 10:48:45.463', 'user-id', '2020-03-11 10:48:45.463', 'Comment from 2017 EIS: Comment from 2016 EIS: Comment by Erica Stephens from 2015 EIS:Comment by Anna Aponte from 2014 EIS:Comment by Anna Aponte from 2013 EIS:Comment by Anna Aponte from 2012 EIS:Emission Factor modified during 2009 NIF to EIS Conversion', NULL, NULL, 0, false, NULL, false, NULL, NULL);
		INSERT INTO public.emission (id, reporting_period_id, pollutant_code, total_emissions, emissions_uom_code, emissions_factor, emissions_factor_text, emissions_calc_method_code, created_by, created_date, last_modified_by, last_modified_date, comments, emissions_numerator_uom, emissions_denominator_uom, calculated_emissions_tons, formula_indicator, emissions_factor_formula, total_manual_entry, calculation_comment, overall_control_percent) VALUES (base_id + 19, base_id + 3, 'NH3', 0, 'TON', NULL, '', '2', 'user-id', '2020-03-11 10:48:45.463', 'user-id', '2020-03-11 10:48:45.463', 'Comment from 2017 EIS: Emission totals are calculated for TRI Reporting using EPRI methodology with site specific data.Comment from 2016 EIS: Comment by Erica Stephens from 2015 EIS:Comment by Anna Aponte from 2014 EIS:Comment by Anna Aponte from 2013 EI', NULL, NULL, 0, false, NULL, false, NULL, NULL);
		INSERT INTO public.emission (id, reporting_period_id, pollutant_code, total_emissions, emissions_uom_code, emissions_factor, emissions_factor_text, emissions_calc_method_code, created_by, created_date, last_modified_by, last_modified_date, comments, emissions_numerator_uom, emissions_denominator_uom, calculated_emissions_tons, formula_indicator, emissions_factor_formula, total_manual_entry, calculation_comment, overall_control_percent) VALUES (base_id + 20, base_id + 3, 'PM-CON', 0, 'TON', NULL, '', '2', 'user-id', '2020-03-11 10:48:45.464', 'user-id', '2020-03-11 10:48:45.464', 'Comment from 2017 EIS: Equation approved by EPD, developed as part of 2006 BART analyses: PM cond = H2SO4 + 0.0032 * SO2.Comment from 2016 EIS: Comment by Erica Stephens from 2015 EIS:Comment by Anna Aponte from 2014 EIS:Comment by Anna Aponte from 2013', NULL, NULL, 0, false, NULL, false, NULL, NULL);
		INSERT INTO public.emission (id, reporting_period_id, pollutant_code, total_emissions, emissions_uom_code, emissions_factor, emissions_factor_text, emissions_calc_method_code, created_by, created_date, last_modified_by, last_modified_date, comments, emissions_numerator_uom, emissions_denominator_uom, calculated_emissions_tons, formula_indicator, emissions_factor_formula, total_manual_entry, calculation_comment, overall_control_percent) VALUES (base_id + 21, base_id + 3, 'PM25-PRI', 0, 'TON', NULL, '', '2', 'user-id', '2020-03-11 10:48:45.466', 'user-id', '2020-03-11 10:48:45.466', 'Comment from 2017 EIS: Comment from 2016 EIS: Comment by Erica Stephens from 2015 EIS:Comment by Anna Aponte from 2014 EIS:Comment by Anna Aponte from 2013 EIS:Comment by Anna Aponte from 2012 EIS:Emission Factor modified during 2009 NIF to EIS Conversion', NULL, NULL, 0, false, NULL, false, NULL, NULL);
		INSERT INTO public.emission (id, reporting_period_id, pollutant_code, total_emissions, emissions_uom_code, emissions_factor, emissions_factor_text, emissions_calc_method_code, created_by, created_date, last_modified_by, last_modified_date, comments, emissions_numerator_uom, emissions_denominator_uom, calculated_emissions_tons, formula_indicator, emissions_factor_formula, total_manual_entry, calculation_comment, overall_control_percent) VALUES (base_id + 22, base_id + 3, 'SO2', 0, 'TON', NULL, '', '1', 'user-id', '2020-03-11 10:48:45.466', 'user-id', '2020-03-11 10:48:45.466', 'Comment from 2017 EIS: Comment from 2016 EIS: Comment by Erica Stephens from 2015 EIS:Comment by Anna Aponte from 2014 EIS:Comment by Anna Aponte from 2013 EIS:Comment by Anna Aponte from 2012 EIS:Emission Factor modified during 2009 NIF to EIS Conversion', NULL, NULL, 0, false, NULL, false, NULL, NULL);
		INSERT INTO public.emission (id, reporting_period_id, pollutant_code, total_emissions, emissions_uom_code, emissions_factor, emissions_factor_text, emissions_calc_method_code, created_by, created_date, last_modified_by, last_modified_date, comments, emissions_numerator_uom, emissions_denominator_uom, calculated_emissions_tons, formula_indicator, emissions_factor_formula, total_manual_entry, calculation_comment, overall_control_percent) VALUES (base_id + 23, base_id + 3, 'VOC', 0, 'TON', 0.06, '', '8', 'user-id', '2020-03-11 10:48:45.467', 'user-id', '2020-03-11 10:48:45.467', 'Comment from 2017 EIS: Comment from 2016 EIS: Comment by Erica Stephens from 2015 EIS:Comment by Anna Aponte from 2014 EIS:Comment by Anna Aponte from 2013 EIS:Comment by Anna Aponte from 2012 EIS:Emission Factor modified during 2009 NIF to EIS Conversion', 'LB', 'TON', 0, false, NULL, false, NULL, NULL);
		INSERT INTO public.emission (id, reporting_period_id, pollutant_code, total_emissions, emissions_uom_code, emissions_factor, emissions_factor_text, emissions_calc_method_code, created_by, created_date, last_modified_by, last_modified_date, comments, emissions_numerator_uom, emissions_denominator_uom, calculated_emissions_tons, formula_indicator, emissions_factor_formula, total_manual_entry, calculation_comment, overall_control_percent) VALUES (base_id + 24, base_id + 3, 'NOX', 0, 'TON', NULL, '', '1', 'user-id', '2020-03-11 10:48:45.468', 'user-id', '2020-03-11 10:48:45.468', 'Comment from 2017 EIS: Comment from 2016 EIS: Comment by Erica Stephens from 2015 EIS:Comment by Anna Aponte from 2014 EIS:Comment by Anna Aponte from 2013 EIS:Comment by Anna Aponte from 2012 EIS:Emission Factor modified during 2009 NIF to EIS Conversion', NULL, NULL, 0, false, NULL, false, NULL, NULL);
		INSERT INTO public.emission (id, reporting_period_id, pollutant_code, total_emissions, emissions_uom_code, emissions_factor, emissions_factor_text, emissions_calc_method_code, created_by, created_date, last_modified_by, last_modified_date, comments, emissions_numerator_uom, emissions_denominator_uom, calculated_emissions_tons, formula_indicator, emissions_factor_formula, total_manual_entry, calculation_comment, overall_control_percent) VALUES (base_id + 25, base_id + 3, 'CO', 0, 'TON', 0.5, '', '8', 'user-id', '2020-03-11 10:48:45.468', 'user-id', '2020-03-11 10:48:45.468', 'Comment from 2017 EIS: Comment from 2016 EIS: Comment by Erica Stephens from 2015 EIS:Comment by Anna Aponte from 2014 EIS:Comment by Anna Aponte from 2013 EIS:Comment by Anna Aponte from 2012 EIS:Emission Factor modified during 2009 NIF to EIS Conversion', 'LB', 'TON', 0, false, NULL, false, NULL, NULL);
		INSERT INTO public.emission (id, reporting_period_id, pollutant_code, total_emissions, emissions_uom_code, emissions_factor, emissions_factor_text, emissions_calc_method_code, created_by, created_date, last_modified_by, last_modified_date, comments, emissions_numerator_uom, emissions_denominator_uom, calculated_emissions_tons, formula_indicator, emissions_factor_formula, total_manual_entry, calculation_comment, overall_control_percent) VALUES (base_id + 26, base_id + 4, 'PM10-FIL', 0.0903, 'TON', 1, '', '8', 'user-id', '2020-03-11 10:48:45.472', 'user-id', '2020-03-11 10:48:45.472', 'Comment from 2017 EIS: Comment from 2016 EIS:', 'LB', 'E3GAL', 0.0903, false, NULL, false, NULL, NULL);
		INSERT INTO public.emission (id, reporting_period_id, pollutant_code, total_emissions, emissions_uom_code, emissions_factor, emissions_factor_text, emissions_calc_method_code, created_by, created_date, last_modified_by, last_modified_date, comments, emissions_numerator_uom, emissions_denominator_uom, calculated_emissions_tons, formula_indicator, emissions_factor_formula, total_manual_entry, calculation_comment, overall_control_percent) VALUES (base_id + 27, base_id + 4, 'NOX', 2.167, 'TON', 24, 'AP-42 Section 1.3 for No. 2 Fuel Oil -fired boilers > 100 MMBtu/hr', '8', 'user-id', '2020-03-11 10:48:45.472', 'user-id', '2020-03-11 10:48:45.472', 'Comment from 2017 EIS: Comment from 2016 EIS:', 'LB', 'E3GAL', 2.167, false, NULL, false, NULL, NULL);
		INSERT INTO public.emission (id, reporting_period_id, pollutant_code, total_emissions, emissions_uom_code, emissions_factor, emissions_factor_text, emissions_calc_method_code, created_by, created_date, last_modified_by, last_modified_date, comments, emissions_numerator_uom, emissions_denominator_uom, calculated_emissions_tons, formula_indicator, emissions_factor_formula, total_manual_entry, calculation_comment, overall_control_percent) VALUES (base_id + 28, base_id + 4, 'PM25-FIL', 0.0217, 'TON', 0.24, '', '8', 'user-id', '2020-03-11 10:48:45.473', 'user-id', '2020-03-11 10:48:45.473', 'Comment from 2017 EIS: Comment from 2016 EIS:', 'LB', 'E3GAL', 0.0217, false, NULL, false, NULL, NULL);
		INSERT INTO public.emission (id, reporting_period_id, pollutant_code, total_emissions, emissions_uom_code, emissions_factor, emissions_factor_text, emissions_calc_method_code, created_by, created_date, last_modified_by, last_modified_date, comments, emissions_numerator_uom, emissions_denominator_uom, calculated_emissions_tons, formula_indicator, emissions_factor_formula, total_manual_entry, calculation_comment, overall_control_percent) VALUES (base_id + 29, base_id + 4, 'CO', 0.4514, 'TON', 5, '', '8', 'user-id', '2020-03-11 10:48:45.474', 'user-id', '2020-03-11 10:48:45.474', 'Comment from 2017 EIS: Comment from 2016 EIS:', 'LB', 'E3GAL', 0.4514, false, NULL, false, NULL, NULL);
		INSERT INTO public.emission (id, reporting_period_id, pollutant_code, total_emissions, emissions_uom_code, emissions_factor, emissions_factor_text, emissions_calc_method_code, created_by, created_date, last_modified_by, last_modified_date, comments, emissions_numerator_uom, emissions_denominator_uom, calculated_emissions_tons, formula_indicator, emissions_factor_formula, total_manual_entry, calculation_comment, overall_control_percent) VALUES (base_id + 30, base_id + 4, 'SO2', 0.0192, 'TON', NULL, '', '2', 'user-id', '2020-03-11 10:48:45.474', 'user-id', '2020-03-11 10:48:45.474', 'Comment from 2017 EIS: Comment from 2016 EIS:', NULL, NULL, 0.0192, false, NULL, false, NULL, NULL);
		INSERT INTO public.emission (id, reporting_period_id, pollutant_code, total_emissions, emissions_uom_code, emissions_factor, emissions_factor_text, emissions_calc_method_code, created_by, created_date, last_modified_by, last_modified_date, comments, emissions_numerator_uom, emissions_denominator_uom, calculated_emissions_tons, formula_indicator, emissions_factor_formula, total_manual_entry, calculation_comment, overall_control_percent) VALUES (base_id + 31, base_id + 4, 'VOC', 0.0181, 'TON', 0.2, '', '8', 'user-id', '2020-03-11 10:48:45.475', 'user-id', '2020-03-11 10:48:45.475', 'Comment from 2017 EIS: Comment from 2016 EIS:', 'LB', 'E3GAL', 0.0181, false, NULL, false, NULL, NULL);
		INSERT INTO public.emission (id, reporting_period_id, pollutant_code, total_emissions, emissions_uom_code, emissions_factor, emissions_factor_text, emissions_calc_method_code, created_by, created_date, last_modified_by, last_modified_date, comments, emissions_numerator_uom, emissions_denominator_uom, calculated_emissions_tons, formula_indicator, emissions_factor_formula, total_manual_entry, calculation_comment, overall_control_percent) VALUES (base_id + 32, base_id + 5, 'PM10-FIL', 0.0724, 'TON', 1, '', '8', 'user-id', '2020-03-11 10:48:45.478', 'user-id', '2020-03-11 10:48:45.478', 'Comment from 2017 EIS: Comment from 2016 EIS:', 'LB', 'E3GAL', 0.0724, false, NULL, false, NULL, NULL);
		INSERT INTO public.emission (id, reporting_period_id, pollutant_code, total_emissions, emissions_uom_code, emissions_factor, emissions_factor_text, emissions_calc_method_code, created_by, created_date, last_modified_by, last_modified_date, comments, emissions_numerator_uom, emissions_denominator_uom, calculated_emissions_tons, formula_indicator, emissions_factor_formula, total_manual_entry, calculation_comment, overall_control_percent) VALUES (base_id + 33, base_id + 5, 'VOC', 0.0145, 'TON', 0.2, '', '8', 'user-id', '2020-03-11 10:48:45.478', 'user-id', '2020-03-11 10:48:45.478', 'Comment from 2017 EIS: Comment from 2016 EIS:', 'LB', 'E3GAL', 0.0145, false, NULL, false, NULL, NULL);
		INSERT INTO public.emission (id, reporting_period_id, pollutant_code, total_emissions, emissions_uom_code, emissions_factor, emissions_factor_text, emissions_calc_method_code, created_by, created_date, last_modified_by, last_modified_date, comments, emissions_numerator_uom, emissions_denominator_uom, calculated_emissions_tons, formula_indicator, emissions_factor_formula, total_manual_entry, calculation_comment, overall_control_percent) VALUES (base_id + 34, base_id + 5, 'PM25-FIL', 0.0174, 'TON', 0.24, '', '8', 'user-id', '2020-03-11 10:48:45.479', 'user-id', '2020-03-11 10:48:45.479', 'Comment from 2017 EIS: Comment from 2016 EIS:', 'LB', 'E3GAL', 0.0174, false, NULL, false, NULL, NULL);
		INSERT INTO public.emission (id, reporting_period_id, pollutant_code, total_emissions, emissions_uom_code, emissions_factor, emissions_factor_text, emissions_calc_method_code, created_by, created_date, last_modified_by, last_modified_date, comments, emissions_numerator_uom, emissions_denominator_uom, calculated_emissions_tons, formula_indicator, emissions_factor_formula, total_manual_entry, calculation_comment, overall_control_percent) VALUES (base_id + 35, base_id + 5, 'CO', 0.3621, 'TON', 5, '', '8', 'user-id', '2020-03-11 10:48:45.479', 'user-id', '2020-03-11 10:48:45.479', 'Comment from 2017 EIS: Comment from 2016 EIS:', 'LB', 'E3GAL', 0.3621, false, NULL, false, NULL, NULL);
		INSERT INTO public.emission (id, reporting_period_id, pollutant_code, total_emissions, emissions_uom_code, emissions_factor, emissions_factor_text, emissions_calc_method_code, created_by, created_date, last_modified_by, last_modified_date, comments, emissions_numerator_uom, emissions_denominator_uom, calculated_emissions_tons, formula_indicator, emissions_factor_formula, total_manual_entry, calculation_comment, overall_control_percent) VALUES (base_id + 36, base_id + 5, 'NOX', 1.738, 'TON', 24, 'AP-42 Section 1.3 for No. 2 Fuel Oil -fired boilers > 100 MMBtu/hr', '8', 'user-id', '2020-03-11 10:48:45.48', 'user-id', '2020-03-11 10:48:45.48', 'Comment from 2017 EIS: Comment from 2016 EIS:', 'LB', 'E3GAL', 1.738, false, NULL, false, NULL, NULL);
		INSERT INTO public.emission (id, reporting_period_id, pollutant_code, total_emissions, emissions_uom_code, emissions_factor, emissions_factor_text, emissions_calc_method_code, created_by, created_date, last_modified_by, last_modified_date, comments, emissions_numerator_uom, emissions_denominator_uom, calculated_emissions_tons, formula_indicator, emissions_factor_formula, total_manual_entry, calculation_comment, overall_control_percent) VALUES (base_id + 37, base_id + 5, 'SO2', 0.0154, 'TON', 0.213, 'Ap-42 for #2 Oil Steam Boiler.  142 * Sulfur Content of 0.0015%', '8', 'user-id', '2020-03-11 10:48:45.48', 'user-id', '2020-03-11 10:48:45.48', 'Comment from 2017 EIS: Comment from 2016 EIS:', 'LB', 'E3GAL', 0.0154, false, NULL, false, NULL, NULL);
		INSERT INTO public.emission (id, reporting_period_id, pollutant_code, total_emissions, emissions_uom_code, emissions_factor, emissions_factor_text, emissions_calc_method_code, created_by, created_date, last_modified_by, last_modified_date, comments, emissions_numerator_uom, emissions_denominator_uom, calculated_emissions_tons, formula_indicator, emissions_factor_formula, total_manual_entry, calculation_comment, overall_control_percent) VALUES (base_id + 38, base_id + 6, 'PM10-PRI', 0.0215, 'TON', 0.012, '', '8', 'user-id', '2020-03-11 10:48:45.483', 'user-id', '2020-03-11 10:48:45.483', 'Comment from 2017 EIS: Comment from 2016 EIS: Comment by Erica Stephens from 2015 EIS:Comment by Anna Aponte from 2014 EIS:Comment by Anna Aponte from 2013 EIS:Comment by Anna Aponte from 2012 EIS:Comment by Julie Paul from 2010 EIS:Comment by Julie Paul', 'LB', 'E6BTU', 0.0215, false, NULL, false, NULL, NULL);
		INSERT INTO public.emission (id, reporting_period_id, pollutant_code, total_emissions, emissions_uom_code, emissions_factor, emissions_factor_text, emissions_calc_method_code, created_by, created_date, last_modified_by, last_modified_date, comments, emissions_numerator_uom, emissions_denominator_uom, calculated_emissions_tons, formula_indicator, emissions_factor_formula, total_manual_entry, calculation_comment, overall_control_percent) VALUES (base_id + 39, base_id + 6, 'NOX', 4.545, 'TON', NULL, '', '1', 'user-id', '2020-03-11 10:48:45.484', 'user-id', '2020-03-11 10:48:45.484', 'Comment from 2017 EIS: Comment from 2016 EIS: Comment by Erica Stephens from 2015 EIS:Comment by Anna Aponte from 2014 EIS:Comment by Anna Aponte from 2013 EIS:Comment by Anna Aponte from 2012 EIS:Comment by Julie Paul from 2010 EIS:Comment by Julie Paul', NULL, NULL, 4.545, false, NULL, false, NULL, NULL);
		INSERT INTO public.emission (id, reporting_period_id, pollutant_code, total_emissions, emissions_uom_code, emissions_factor, emissions_factor_text, emissions_calc_method_code, created_by, created_date, last_modified_by, last_modified_date, comments, emissions_numerator_uom, emissions_denominator_uom, calculated_emissions_tons, formula_indicator, emissions_factor_formula, total_manual_entry, calculation_comment, overall_control_percent) VALUES (base_id + 40, base_id + 6, 'CO', 0.0059, 'TON', 0.003, '', '8', 'user-id', '2020-03-11 10:48:45.484', 'user-id', '2020-03-11 10:48:45.484', 'Comment from 2017 EIS: Comment from 2016 EIS: Comment by Erica Stephens from 2015 EIS:Comment by Anna Aponte from 2014 EIS:Comment by Anna Aponte from 2013 EIS:Comment by Anna Aponte from 2012 EIS:Comment by Julie Paul from 2010 EIS:Comment by Julie Paul', 'LB', 'E6BTU', 0.0059, false, NULL, false, NULL, NULL);
		INSERT INTO public.emission (id, reporting_period_id, pollutant_code, total_emissions, emissions_uom_code, emissions_factor, emissions_factor_text, emissions_calc_method_code, created_by, created_date, last_modified_by, last_modified_date, comments, emissions_numerator_uom, emissions_denominator_uom, calculated_emissions_tons, formula_indicator, emissions_factor_formula, total_manual_entry, calculation_comment, overall_control_percent) VALUES (base_id + 41, base_id + 6, 'PM25-PRI', 0.0215, 'TON', 0.012, '', '8', 'user-id', '2020-03-11 10:48:45.485', 'user-id', '2020-03-11 10:48:45.485', 'Comment from 2017 EIS: Comment from 2016 EIS: Comment by Erica Stephens from 2015 EIS:Comment by Anna Aponte from 2014 EIS:Comment by Anna Aponte from 2013 EIS:Comment by Anna Aponte from 2012 EIS:Comment by Julie Paul from 2010 EIS:Comment by Julie Paul', 'LB', 'E6BTU', 0.0215, false, NULL, false, NULL, NULL);
		INSERT INTO public.emission (id, reporting_period_id, pollutant_code, total_emissions, emissions_uom_code, emissions_factor, emissions_factor_text, emissions_calc_method_code, created_by, created_date, last_modified_by, last_modified_date, comments, emissions_numerator_uom, emissions_denominator_uom, calculated_emissions_tons, formula_indicator, emissions_factor_formula, total_manual_entry, calculation_comment, overall_control_percent) VALUES (base_id + 42, base_id + 6, 'SO2', 1.894, 'TON', NULL, '', '1', 'user-id', '2020-03-11 10:48:45.486', 'user-id', '2020-03-11 10:48:45.486', 'Comment from 2017 EIS: Comment from 2016 EIS: Comment by Erica Stephens from 2015 EIS:Comment by Anna Aponte from 2014 EIS:Comment by Anna Aponte from 2013 EIS:Comment by Anna Aponte from 2012 EIS:Comment by Julie Paul from 2010 EIS:Comment by Julie Paul', NULL, NULL, 1.894, false, NULL, false, NULL, NULL);
		INSERT INTO public.emission (id, reporting_period_id, pollutant_code, total_emissions, emissions_uom_code, emissions_factor, emissions_factor_text, emissions_calc_method_code, created_by, created_date, last_modified_by, last_modified_date, comments, emissions_numerator_uom, emissions_denominator_uom, calculated_emissions_tons, formula_indicator, emissions_factor_formula, total_manual_entry, calculation_comment, overall_control_percent) VALUES (base_id + 43, base_id + 6, 'VOC', 0.0007, 'TON', 0.0004, '', '8', 'user-id', '2020-03-11 10:48:45.486', 'user-id', '2020-03-11 10:48:45.486', 'Comment from 2017 EIS: Comment from 2016 EIS: Comment by Erica Stephens from 2015 EIS:Comment by Anna Aponte from 2014 EIS:Comment by Anna Aponte from 2013 EIS:Comment by Anna Aponte from 2012 EIS:Comment by Julie Paul from 2010 EIS:Comment by Julie Paul', 'LB', 'E6BTU', 0.0007, false, NULL, false, NULL, NULL);
		INSERT INTO public.emission (id, reporting_period_id, pollutant_code, total_emissions, emissions_uom_code, emissions_factor, emissions_factor_text, emissions_calc_method_code, created_by, created_date, last_modified_by, last_modified_date, comments, emissions_numerator_uom, emissions_denominator_uom, calculated_emissions_tons, formula_indicator, emissions_factor_formula, total_manual_entry, calculation_comment, overall_control_percent) VALUES (base_id + 44, base_id + 7, 'PM25-FIL', 0, 'TON', 0.24, '', '8', 'user-id', '2020-03-11 10:48:45.488', 'user-id', '2020-03-11 10:48:45.488', 'Comment from 2017 EIS: Comment from 2016 EIS:', 'LB', 'E3GAL', 0, false, NULL, false, NULL, NULL);
		INSERT INTO public.emission (id, reporting_period_id, pollutant_code, total_emissions, emissions_uom_code, emissions_factor, emissions_factor_text, emissions_calc_method_code, created_by, created_date, last_modified_by, last_modified_date, comments, emissions_numerator_uom, emissions_denominator_uom, calculated_emissions_tons, formula_indicator, emissions_factor_formula, total_manual_entry, calculation_comment, overall_control_percent) VALUES (base_id + 45, base_id + 7, 'VOC', 0, 'TON', 0.2, '', '8', 'user-id', '2020-03-11 10:48:45.489', 'user-id', '2020-03-11 10:48:45.489', 'Comment from 2017 EIS: Comment from 2016 EIS: Comment by Erica Stephens from 2015 EIS:Comment by Anna Aponte from 2014 EIS:Comment by Anna Aponte from 2013 EIS:Comment by Anna Aponte from 2012 EIS:Comment by Steve Ewald from 2011 EIS:Comment by Julie Paul', 'LB', 'E3GAL', 0, false, NULL, false, NULL, NULL);
		INSERT INTO public.emission (id, reporting_period_id, pollutant_code, total_emissions, emissions_uom_code, emissions_factor, emissions_factor_text, emissions_calc_method_code, created_by, created_date, last_modified_by, last_modified_date, comments, emissions_numerator_uom, emissions_denominator_uom, calculated_emissions_tons, formula_indicator, emissions_factor_formula, total_manual_entry, calculation_comment, overall_control_percent) VALUES (base_id + 46, base_id + 7, 'CO', 0, 'TON', 5, '', '8', 'user-id', '2020-03-11 10:48:45.49', 'user-id', '2020-03-11 10:48:45.49', 'Comment from 2017 EIS: Comment from 2016 EIS: Comment by Erica Stephens from 2015 EIS:Comment by Anna Aponte from 2014 EIS:Comment by Anna Aponte from 2013 EIS:Comment by Anna Aponte from 2012 EIS:Comment by Steve Ewald from 2011 EIS:Comment by Julie Paul', 'LB', 'E3GAL', 0, false, NULL, false, NULL, NULL);
		INSERT INTO public.emission (id, reporting_period_id, pollutant_code, total_emissions, emissions_uom_code, emissions_factor, emissions_factor_text, emissions_calc_method_code, created_by, created_date, last_modified_by, last_modified_date, comments, emissions_numerator_uom, emissions_denominator_uom, calculated_emissions_tons, formula_indicator, emissions_factor_formula, total_manual_entry, calculation_comment, overall_control_percent) VALUES (base_id + 47, base_id + 7, 'PM10-FIL', 0, 'TON', 1, '', '8', 'user-id', '2020-03-11 10:48:45.491', 'user-id', '2020-03-11 10:48:45.491', 'Comment from 2017 EIS: Comment from 2016 EIS:', 'LB', 'E3GAL', 0, false, NULL, false, NULL, NULL);
		INSERT INTO public.emission (id, reporting_period_id, pollutant_code, total_emissions, emissions_uom_code, emissions_factor, emissions_factor_text, emissions_calc_method_code, created_by, created_date, last_modified_by, last_modified_date, comments, emissions_numerator_uom, emissions_denominator_uom, calculated_emissions_tons, formula_indicator, emissions_factor_formula, total_manual_entry, calculation_comment, overall_control_percent) VALUES (base_id + 48, base_id + 8, 'VOC', 18.387, 'TON', 0.06, '', '8', 'user-id', '2020-03-11 10:48:45.493', 'user-id', '2020-03-11 10:48:45.493', 'Comment from 2017 EIS: Comment from 2016 EIS: Comment by Erica Stephens from 2015 EIS:Comment by Anna Aponte from 2014 EIS:Comment by Anna Aponte from 2013 EIS:Comment by Anna Aponte from 2012 EIS:Comment by Steve Ewald from 2011 EIS:Comment by Julie Paul', 'LB', 'TON', 18.387, false, NULL, false, NULL, NULL);
		INSERT INTO public.emission (id, reporting_period_id, pollutant_code, total_emissions, emissions_uom_code, emissions_factor, emissions_factor_text, emissions_calc_method_code, created_by, created_date, last_modified_by, last_modified_date, comments, emissions_numerator_uom, emissions_denominator_uom, calculated_emissions_tons, formula_indicator, emissions_factor_formula, total_manual_entry, calculation_comment, overall_control_percent) VALUES (base_id + 49, base_id + 8, 'PM-CON', 40.797, 'TON', NULL, '', '2', 'user-id', '2020-03-11 10:48:45.494', 'user-id', '2020-03-11 10:48:45.494', 'Comment from 2017 EIS: Equation approved by EPD, developed as part of 2006 BART analyses: PM cond = H2SO4 + 0.0032 * SO2.Comment from 2016 EIS: Comment by Erica Stephens from 2015 EIS:Comment by Anna Aponte from 2014 EIS:Comment by Anna Aponte from 2013', NULL, NULL, 40.797, false, NULL, false, NULL, NULL);
		INSERT INTO public.emission (id, reporting_period_id, pollutant_code, total_emissions, emissions_uom_code, emissions_factor, emissions_factor_text, emissions_calc_method_code, created_by, created_date, last_modified_by, last_modified_date, comments, emissions_numerator_uom, emissions_denominator_uom, calculated_emissions_tons, formula_indicator, emissions_factor_formula, total_manual_entry, calculation_comment, overall_control_percent) VALUES (base_id + 50, base_id + 8, 'PM25-PRI', 55.796, 'TON', NULL, '', '2', 'user-id', '2020-03-11 10:48:45.495', 'user-id', '2020-03-11 10:48:45.495', 'Comment from 2017 EIS: Comment from 2016 EIS: Comment by Erica Stephens from 2015 EIS:Comment by Anna Aponte from 2014 EIS:Comment by Anna Aponte from 2013 EIS:Comment by Anna Aponte from 2012 EIS:Comment by Steve Ewald from 2011 EIS:Comment by Julie Paul', NULL, NULL, 55.796, false, NULL, false, NULL, NULL);
		INSERT INTO public.emission (id, reporting_period_id, pollutant_code, total_emissions, emissions_uom_code, emissions_factor, emissions_factor_text, emissions_calc_method_code, created_by, created_date, last_modified_by, last_modified_date, comments, emissions_numerator_uom, emissions_denominator_uom, calculated_emissions_tons, formula_indicator, emissions_factor_formula, total_manual_entry, calculation_comment, overall_control_percent) VALUES (base_id + 51, base_id + 8, 'NOX', 738.99, 'TON', NULL, '', '1', 'user-id', '2020-03-11 10:48:45.495', 'user-id', '2020-03-11 10:48:45.495', 'Comment from 2017 EIS: Comment from 2016 EIS: Comment by Erica Stephens from 2015 EIS:Comment by Anna Aponte from 2014 EIS:Comment by Anna Aponte from 2013 EIS:Comment by Anna Aponte from 2012 EIS:Comment by Steve Ewald from 2011 EIS:Comment by Julie Paul', NULL, NULL, 738.99, false, NULL, false, NULL, NULL);
		INSERT INTO public.emission (id, reporting_period_id, pollutant_code, total_emissions, emissions_uom_code, emissions_factor, emissions_factor_text, emissions_calc_method_code, created_by, created_date, last_modified_by, last_modified_date, comments, emissions_numerator_uom, emissions_denominator_uom, calculated_emissions_tons, formula_indicator, emissions_factor_formula, total_manual_entry, calculation_comment, overall_control_percent) VALUES (base_id + 52, base_id + 8, 'CO', 153.23, 'TON', 0.5, '', '8', 'user-id', '2020-03-11 10:48:45.496', 'user-id', '2020-03-11 10:48:45.496', 'Comment from 2017 EIS: Comment from 2016 EIS: Comment by Erica Stephens from 2015 EIS:Comment by Anna Aponte from 2014 EIS:Comment by Anna Aponte from 2013 EIS:Comment by Anna Aponte from 2012 EIS:Comment by Steve Ewald from 2011 EIS:Comment by Julie Paul', 'LB', 'TON', 153.23, false, NULL, false, NULL, NULL);
		INSERT INTO public.emission (id, reporting_period_id, pollutant_code, total_emissions, emissions_uom_code, emissions_factor, emissions_factor_text, emissions_calc_method_code, created_by, created_date, last_modified_by, last_modified_date, comments, emissions_numerator_uom, emissions_denominator_uom, calculated_emissions_tons, formula_indicator, emissions_factor_formula, total_manual_entry, calculation_comment, overall_control_percent) VALUES (base_id + 53, base_id + 8, 'NH3', 1.74, 'TON', 1.757, 'Emission totals are calculated for TRI Reporting using EPRI methodology with site specific data', '12', 'user-id', '2020-03-11 10:48:45.496', 'user-id', '2020-03-11 10:48:45.496', 'Comment from 2017 EIS: Comment from 2016 EIS: Comment by Erica Stephens from 2015 EIS:Comment by Anna Aponte from 2014 EIS:Comment by Anna Aponte from 2013 EIS:Comment by Anna Aponte from 2012 EIS:Comment by Steve Ewald from 2011 EIS:Comment by Julie Paul', 'TON', 'EACH', 1.74, false, NULL, false, NULL, NULL);
		INSERT INTO public.emission (id, reporting_period_id, pollutant_code, total_emissions, emissions_uom_code, emissions_factor, emissions_factor_text, emissions_calc_method_code, created_by, created_date, last_modified_by, last_modified_date, comments, emissions_numerator_uom, emissions_denominator_uom, calculated_emissions_tons, formula_indicator, emissions_factor_formula, total_manual_entry, calculation_comment, overall_control_percent) VALUES (base_id + 54, base_id + 8, 'SO2', 1085.1, 'TON', NULL, '', '1', 'user-id', '2020-03-11 10:48:45.497', 'user-id', '2020-03-11 10:48:45.497', 'Comment from 2017 EIS: Comment from 2016 EIS: Comment by Erica Stephens from 2015 EIS:Comment by Anna Aponte from 2014 EIS:Comment by Anna Aponte from 2013 EIS:Comment by Anna Aponte from 2012 EIS:Comment by Steve Ewald from 2011 EIS:Comment by Julie Paul', NULL, NULL, 1085.1, false, NULL, false, NULL, NULL);
		INSERT INTO public.emission (id, reporting_period_id, pollutant_code, total_emissions, emissions_uom_code, emissions_factor, emissions_factor_text, emissions_calc_method_code, created_by, created_date, last_modified_by, last_modified_date, comments, emissions_numerator_uom, emissions_denominator_uom, calculated_emissions_tons, formula_indicator, emissions_factor_formula, total_manual_entry, calculation_comment, overall_control_percent) VALUES (base_id + 55, base_id + 8, 'PM10-PRI', 61.677, 'TON', NULL, '', '2', 'user-id', '2020-03-11 10:48:45.498', 'user-id', '2020-03-11 10:48:45.498', 'Comment from 2017 EIS: Comment from 2016 EIS: Comment by Erica Stephens from 2015 EIS:Comment by Anna Aponte from 2014 EIS:Comment by Anna Aponte from 2013 EIS:Comment by Anna Aponte from 2012 EIS:Comment by Steve Ewald from 2011 EIS:Comment by Julie Paul', NULL, NULL, 61.677, false, NULL, false, NULL, NULL);
		INSERT INTO public.emission (id, reporting_period_id, pollutant_code, total_emissions, emissions_uom_code, emissions_factor, emissions_factor_text, emissions_calc_method_code, created_by, created_date, last_modified_by, last_modified_date, comments, emissions_numerator_uom, emissions_denominator_uom, calculated_emissions_tons, formula_indicator, emissions_factor_formula, total_manual_entry, calculation_comment, overall_control_percent) VALUES (base_id + 56, base_id + 8, '7439921', 0.0144, 'TON', 0.021, 'Emission totals are calculated for TRI Reporting using EPRI methodology with site specific data', '12', 'user-id', '2020-03-11 10:48:45.498', 'user-id', '2020-03-11 10:48:45.498', 'Comment from 2017 EIS: Comment from 2016 EIS: Comment by Erica Stephens from 2015 EIS:Comment by Anna Aponte from 2014 EIS:Comment by Anna Aponte from 2013 EIS:Comment by Anna Aponte from 2012 EIS:Comment by Steve Ewald from 2011 EIS:Comment by Julie Paul', 'TON', 'EACH', 0.0144, false, NULL, false, NULL, NULL);
		INSERT INTO public.emission (id, reporting_period_id, pollutant_code, total_emissions, emissions_uom_code, emissions_factor, emissions_factor_text, emissions_calc_method_code, created_by, created_date, last_modified_by, last_modified_date, comments, emissions_numerator_uom, emissions_denominator_uom, calculated_emissions_tons, formula_indicator, emissions_factor_formula, total_manual_entry, calculation_comment, overall_control_percent) VALUES (base_id + 57, base_id + 9, 'CO', 0.7725, 'TON', 5, '', '8', 'user-id', '2020-03-11 10:48:45.5', 'user-id', '2020-03-11 10:48:45.5', 'Comment from 2017 EIS: Comment from 2016 EIS: Comment by Erica Stephens from 2015 EIS:Comment by Anna Aponte from 2014 EIS:Comment by Anna Aponte from 2013 EIS:Comment by Anna Aponte from 2012 EIS:Comment by Steve Ewald from 2011 EIS:Comment by Julie Paul', 'LB', 'E3GAL', 0.7725, false, NULL, false, NULL, NULL);
		INSERT INTO public.emission (id, reporting_period_id, pollutant_code, total_emissions, emissions_uom_code, emissions_factor, emissions_factor_text, emissions_calc_method_code, created_by, created_date, last_modified_by, last_modified_date, comments, emissions_numerator_uom, emissions_denominator_uom, calculated_emissions_tons, formula_indicator, emissions_factor_formula, total_manual_entry, calculation_comment, overall_control_percent) VALUES (base_id + 58, base_id + 9, 'PM10-FIL', 0.1545, 'TON', 1, '', '8', 'user-id', '2020-03-11 10:48:45.501', 'user-id', '2020-03-11 10:48:45.501', 'Comment from 2017 EIS: Comment from 2016 EIS:', 'LB', 'E3GAL', 0.1545, false, NULL, false, NULL, NULL);
		INSERT INTO public.emission (id, reporting_period_id, pollutant_code, total_emissions, emissions_uom_code, emissions_factor, emissions_factor_text, emissions_calc_method_code, created_by, created_date, last_modified_by, last_modified_date, comments, emissions_numerator_uom, emissions_denominator_uom, calculated_emissions_tons, formula_indicator, emissions_factor_formula, total_manual_entry, calculation_comment, overall_control_percent) VALUES (base_id + 59, base_id + 9, 'VOC', 0.0309, 'TON', 0.2, '', '8', 'user-id', '2020-03-11 10:48:45.502', 'user-id', '2020-03-11 10:48:45.502', 'Comment from 2017 EIS: Comment from 2016 EIS: Comment by Erica Stephens from 2015 EIS:Comment by Anna Aponte from 2014 EIS:Comment by Anna Aponte from 2013 EIS:Comment by Anna Aponte from 2012 EIS:Comment by Steve Ewald from 2011 EIS:Comment by Julie Paul', 'LB', 'E3GAL', 0.0309, false, NULL, false, NULL, NULL);
		INSERT INTO public.emission (id, reporting_period_id, pollutant_code, total_emissions, emissions_uom_code, emissions_factor, emissions_factor_text, emissions_calc_method_code, created_by, created_date, last_modified_by, last_modified_date, comments, emissions_numerator_uom, emissions_denominator_uom, calculated_emissions_tons, formula_indicator, emissions_factor_formula, total_manual_entry, calculation_comment, overall_control_percent) VALUES (base_id + 60, base_id + 9, 'PM25-FIL', 0.0371, 'TON', 0.24, '', '8', 'user-id', '2020-03-11 10:48:45.502', 'user-id', '2020-03-11 10:48:45.502', 'Comment from 2017 EIS: Comment from 2016 EIS:', 'LB', 'E3GAL', 0.0371, false, NULL, false, NULL, NULL);
		INSERT INTO public.emission (id, reporting_period_id, pollutant_code, total_emissions, emissions_uom_code, emissions_factor, emissions_factor_text, emissions_calc_method_code, created_by, created_date, last_modified_by, last_modified_date, comments, emissions_numerator_uom, emissions_denominator_uom, calculated_emissions_tons, formula_indicator, emissions_factor_formula, total_manual_entry, calculation_comment, overall_control_percent) VALUES (base_id + 61, base_id + 10, '7439921', 0, 'TON', NULL, '', '2', 'user-id', '2020-03-11 10:48:45.505', 'user-id', '2020-03-11 10:48:45.505', 'Comment from 2017 EIS: Emission totals are calculated for TRI Reporting using EPRI methodology with site specific data.Comment from 2016 EIS: Comment by Erica Stephens from 2015 EIS:Comment by Anna Aponte from 2014 EIS:Comment by Anna Aponte from 2013 EI', NULL, NULL, 0, false, NULL, false, NULL, NULL);
		INSERT INTO public.emission (id, reporting_period_id, pollutant_code, total_emissions, emissions_uom_code, emissions_factor, emissions_factor_text, emissions_calc_method_code, created_by, created_date, last_modified_by, last_modified_date, comments, emissions_numerator_uom, emissions_denominator_uom, calculated_emissions_tons, formula_indicator, emissions_factor_formula, total_manual_entry, calculation_comment, overall_control_percent) VALUES (base_id + 62, base_id + 10, 'NOX', 0, 'TON', NULL, '', '1', 'user-id', '2020-03-11 10:48:45.505', 'user-id', '2020-03-11 10:48:45.505', 'Comment from 2017 EIS: Comment from 2016 EIS: Comment by Erica Stephens from 2015 EIS:Comment by Anna Aponte from 2014 EIS:Comment by Anna Aponte from 2013 EIS:Comment by Anna Aponte from 2012 EIS:Comment by Steve Ewald from 2011 EIS:Comment by Julie Paul', NULL, NULL, 0, false, NULL, false, NULL, NULL);
		INSERT INTO public.emission (id, reporting_period_id, pollutant_code, total_emissions, emissions_uom_code, emissions_factor, emissions_factor_text, emissions_calc_method_code, created_by, created_date, last_modified_by, last_modified_date, comments, emissions_numerator_uom, emissions_denominator_uom, calculated_emissions_tons, formula_indicator, emissions_factor_formula, total_manual_entry, calculation_comment, overall_control_percent) VALUES (base_id + 63, base_id + 10, 'PM10-PRI', 0, 'TON', NULL, '', '2', 'user-id', '2020-03-11 10:48:45.506', 'user-id', '2020-03-11 10:48:45.506', 'Comment from 2017 EIS: Comment from 2016 EIS: Comment by Erica Stephens from 2015 EIS:Comment by Anna Aponte from 2014 EIS:Comment by Anna Aponte from 2013 EIS:Comment by Anna Aponte from 2012 EIS:Comment by Steve Ewald from 2011 EIS:Comment by Julie Paul', NULL, NULL, 0, false, NULL, false, NULL, NULL);
		INSERT INTO public.emission (id, reporting_period_id, pollutant_code, total_emissions, emissions_uom_code, emissions_factor, emissions_factor_text, emissions_calc_method_code, created_by, created_date, last_modified_by, last_modified_date, comments, emissions_numerator_uom, emissions_denominator_uom, calculated_emissions_tons, formula_indicator, emissions_factor_formula, total_manual_entry, calculation_comment, overall_control_percent) VALUES (base_id + 64, base_id + 10, 'SO2', 0, 'TON', NULL, '', '1', 'user-id', '2020-03-11 10:48:45.506', 'user-id', '2020-03-11 10:48:45.506', 'Comment from 2017 EIS: Comment from 2016 EIS: Comment by Erica Stephens from 2015 EIS:Comment by Anna Aponte from 2014 EIS:Comment by Anna Aponte from 2013 EIS:Comment by Anna Aponte from 2012 EIS:Comment by Steve Ewald from 2011 EIS:Comment by Julie Paul', NULL, NULL, 0, false, NULL, false, NULL, NULL);
		INSERT INTO public.emission (id, reporting_period_id, pollutant_code, total_emissions, emissions_uom_code, emissions_factor, emissions_factor_text, emissions_calc_method_code, created_by, created_date, last_modified_by, last_modified_date, comments, emissions_numerator_uom, emissions_denominator_uom, calculated_emissions_tons, formula_indicator, emissions_factor_formula, total_manual_entry, calculation_comment, overall_control_percent) VALUES (base_id + 65, base_id + 10, 'PM-CON', 0, 'TON', NULL, '', '2', 'user-id', '2020-03-11 10:48:45.507', 'user-id', '2020-03-11 10:48:45.507', 'Comment from 2017 EIS: Equation approved by EPD, developed as part of 2006 BART analyses: PM cond = H2SO4 + 0.0032 * SO2.Comment from 2016 EIS: Comment by Erica Stephens from 2015 EIS:Comment by Anna Aponte from 2014 EIS:Comment by Anna Aponte from 2013', NULL, NULL, 0, false, NULL, false, NULL, NULL);
		INSERT INTO public.emission (id, reporting_period_id, pollutant_code, total_emissions, emissions_uom_code, emissions_factor, emissions_factor_text, emissions_calc_method_code, created_by, created_date, last_modified_by, last_modified_date, comments, emissions_numerator_uom, emissions_denominator_uom, calculated_emissions_tons, formula_indicator, emissions_factor_formula, total_manual_entry, calculation_comment, overall_control_percent) VALUES (base_id + 66, base_id + 10, 'PM25-PRI', 0, 'TON', NULL, '', '2', 'user-id', '2020-03-11 10:48:45.507', 'user-id', '2020-03-11 10:48:45.507', 'Comment from 2017 EIS: Comment from 2016 EIS: Comment by Erica Stephens from 2015 EIS:Comment by Anna Aponte from 2014 EIS:Comment by Anna Aponte from 2013 EIS:Comment by Anna Aponte from 2012 EIS:Comment by Steve Ewald from 2011 EIS:Comment by Julie Paul', NULL, NULL, 0, false, NULL, false, NULL, NULL);
		INSERT INTO public.emission (id, reporting_period_id, pollutant_code, total_emissions, emissions_uom_code, emissions_factor, emissions_factor_text, emissions_calc_method_code, created_by, created_date, last_modified_by, last_modified_date, comments, emissions_numerator_uom, emissions_denominator_uom, calculated_emissions_tons, formula_indicator, emissions_factor_formula, total_manual_entry, calculation_comment, overall_control_percent) VALUES (base_id + 67, base_id + 10, 'NH3', 0, 'TON', NULL, '', '2', 'user-id', '2020-03-11 10:48:45.508', 'user-id', '2020-03-11 10:48:45.508', 'Comment from 2017 EIS: Emission totals are calculated for TRI Reporting using EPRI methodology with site specific data.Comment from 2016 EIS: Comment by Erica Stephens from 2015 EIS:Comment by Anna Aponte from 2014 EIS:Comment by Anna Aponte from 2013 EI', NULL, NULL, 0, false, NULL, false, NULL, NULL);
		INSERT INTO public.emission (id, reporting_period_id, pollutant_code, total_emissions, emissions_uom_code, emissions_factor, emissions_factor_text, emissions_calc_method_code, created_by, created_date, last_modified_by, last_modified_date, comments, emissions_numerator_uom, emissions_denominator_uom, calculated_emissions_tons, formula_indicator, emissions_factor_formula, total_manual_entry, calculation_comment, overall_control_percent) VALUES (base_id + 68, base_id + 10, 'CO', 0, 'TON', 0.5, '', '8', 'user-id', '2020-03-11 10:48:45.509', 'user-id', '2020-03-11 10:48:45.509', 'Comment from 2017 EIS: Comment from 2016 EIS: Comment by Erica Stephens from 2015 EIS:Comment by Anna Aponte from 2014 EIS:Comment by Anna Aponte from 2013 EIS:Comment by Anna Aponte from 2012 EIS:Comment by Steve Ewald from 2011 EIS:Comment by Julie Paul', 'LB', 'TON', 0, false, NULL, false, NULL, NULL);
		INSERT INTO public.emission (id, reporting_period_id, pollutant_code, total_emissions, emissions_uom_code, emissions_factor, emissions_factor_text, emissions_calc_method_code, created_by, created_date, last_modified_by, last_modified_date, comments, emissions_numerator_uom, emissions_denominator_uom, calculated_emissions_tons, formula_indicator, emissions_factor_formula, total_manual_entry, calculation_comment, overall_control_percent) VALUES (base_id + 69, base_id + 10, 'VOC', 0, 'TON', 0.06, '', '8', 'user-id', '2020-03-11 10:48:45.509', 'user-id', '2020-03-11 10:48:45.509', 'Comment from 2017 EIS: Comment from 2016 EIS: Comment by Erica Stephens from 2015 EIS:Comment by Anna Aponte from 2014 EIS:Comment by Anna Aponte from 2013 EIS:Comment by Anna Aponte from 2012 EIS:Comment by Steve Ewald from 2011 EIS:Comment by Julie Paul', 'LB', 'TON', 0, false, NULL, false, NULL, NULL);


		INSERT INTO public.release_point (id, facility_site_id, release_point_identifier, type_code, description, stack_height, stack_height_uom_code, stack_diameter, stack_diameter_uom_code, exit_gas_velocity, exit_gas_velocity_uom_code, exit_gas_temperature, exit_gas_flow_rate, exit_gas_flow_uom_code, status_code, status_year, latitude, longitude, created_by, created_date, last_modified_by, last_modified_date, fugitive_line_1_latitude, fugitive_line_1_longitude, fugitive_line_2_latitude, fugitive_line_2_longitude, comments, fence_line_distance, fence_line_distance_uom_code, fugitive_height, fugitive_height_uom_code, fugitive_width, fugitive_width_uom_code, fugitive_length, fugitive_length_uom_code, fugitive_angle) VALUES (base_id, base_id, 'AHS', '1', 'Ash Handling System', NULL, 'FT', NULL, 'FT', NULL, NULL, NULL, NULL, NULL, 'OP', NULL, 33.417720, -85.046020, 'user-id', '2020-03-11 10:48:45.513', 'user-id', '2020-03-11 10:48:45.513', NULL, NULL, NULL, NULL, '', NULL, 'FT', NULL, 'FT', NULL, 'FT', NULL, 'FT', NULL);
		INSERT INTO public.release_point (id, facility_site_id, release_point_identifier, type_code, description, stack_height, stack_height_uom_code, stack_diameter, stack_diameter_uom_code, exit_gas_velocity, exit_gas_velocity_uom_code, exit_gas_temperature, exit_gas_flow_rate, exit_gas_flow_uom_code, status_code, status_year, latitude, longitude, created_by, created_date, last_modified_by, last_modified_date, fugitive_line_1_latitude, fugitive_line_1_longitude, fugitive_line_2_latitude, fugitive_line_2_longitude, comments, fence_line_distance, fence_line_distance_uom_code, fugitive_height, fugitive_height_uom_code, fugitive_width, fugitive_width_uom_code, fugitive_length, fugitive_length_uom_code, fugitive_angle) VALUES (base_id + 1, base_id, 'CHS', '1', 'Coal Handling System', NULL, 'FT', NULL, 'FT', NULL, NULL, NULL, NULL, NULL, 'OP', NULL, 33.415466, -85.035725, 'user-id', '2020-03-11 10:48:45.515', 'user-id', '2020-03-11 10:48:45.515', NULL, NULL, NULL, NULL, '', NULL, 'FT', NULL, 'FT', NULL, 'FT', NULL, 'FT', NULL);
		INSERT INTO public.release_point (id, facility_site_id, release_point_identifier, type_code, description, stack_height, stack_height_uom_code, stack_diameter, stack_diameter_uom_code, exit_gas_velocity, exit_gas_velocity_uom_code, exit_gas_temperature, exit_gas_flow_rate, exit_gas_flow_uom_code, status_code, status_year, latitude, longitude, created_by, created_date, last_modified_by, last_modified_date, fugitive_line_1_latitude, fugitive_line_1_longitude, fugitive_line_2_latitude, fugitive_line_2_longitude, comments, fence_line_distance, fence_line_distance_uom_code, fugitive_height, fugitive_height_uom_code, fugitive_width, fugitive_width_uom_code, fugitive_length, fugitive_length_uom_code, fugitive_angle) VALUES (base_id + 2, base_id, 'MHS', '1', 'Materials Handling System', NULL, 'FT', NULL, 'FT', NULL, NULL, NULL, NULL, NULL, 'OP', NULL, 33.409610, -85.043240, 'user-id', '2020-03-11 10:48:45.516', 'user-id', '2020-03-11 10:48:45.516', NULL, NULL, NULL, NULL, '', NULL, 'FT', NULL, 'FT', NULL, 'FT', NULL, 'FT', NULL);
		INSERT INTO public.release_point (id, facility_site_id, release_point_identifier, type_code, description, stack_height, stack_height_uom_code, stack_diameter, stack_diameter_uom_code, exit_gas_velocity, exit_gas_velocity_uom_code, exit_gas_temperature, exit_gas_flow_rate, exit_gas_flow_uom_code, status_code, status_year, latitude, longitude, created_by, created_date, last_modified_by, last_modified_date, fugitive_line_1_latitude, fugitive_line_1_longitude, fugitive_line_2_latitude, fugitive_line_2_longitude, comments, fence_line_distance, fence_line_distance_uom_code, fugitive_height, fugitive_height_uom_code, fugitive_width, fugitive_width_uom_code, fugitive_length, fugitive_length_uom_code, fugitive_angle) VALUES (base_id + 3, base_id, 'SB01', '2', 'Start-up Boiler Unit 1', 295.000, 'FT', 9.000, 'FT', 57.000, 'FPS', 413, 3583.00000000, 'ACFS', 'OP', NULL, 33.411910, -85.034940, 'user-id', '2020-03-11 10:48:45.517', 'user-id', '2020-03-11 10:48:45.517', NULL, NULL, NULL, NULL, '', NULL, 'FT', NULL, 'FT', NULL, 'FT', NULL, 'FT', NULL);
		INSERT INTO public.release_point (id, facility_site_id, release_point_identifier, type_code, description, stack_height, stack_height_uom_code, stack_diameter, stack_diameter_uom_code, exit_gas_velocity, exit_gas_velocity_uom_code, exit_gas_temperature, exit_gas_flow_rate, exit_gas_flow_uom_code, status_code, status_year, latitude, longitude, created_by, created_date, last_modified_by, last_modified_date, fugitive_line_1_latitude, fugitive_line_1_longitude, fugitive_line_2_latitude, fugitive_line_2_longitude, comments, fence_line_distance, fence_line_distance_uom_code, fugitive_height, fugitive_height_uom_code, fugitive_width, fugitive_width_uom_code, fugitive_length, fugitive_length_uom_code, fugitive_angle) VALUES (base_id + 4, base_id, 'SB02', '2', 'Start-up boiler Unit 2', 295.000, 'FT', 9.000, 'FT', 57.000, 'FPS', 413, 3583.00000000, 'ACFS', 'OP', NULL, 33.412210, -85.034270, 'user-id', '2020-03-11 10:48:45.521', 'user-id', '2020-03-11 10:48:45.521', NULL, NULL, NULL, NULL, '', NULL, 'FT', NULL, 'FT', NULL, 'FT', NULL, 'FT', NULL);
		INSERT INTO public.release_point (id, facility_site_id, release_point_identifier, type_code, description, stack_height, stack_height_uom_code, stack_diameter, stack_diameter_uom_code, exit_gas_velocity, exit_gas_velocity_uom_code, exit_gas_temperature, exit_gas_flow_rate, exit_gas_flow_uom_code, status_code, status_year, latitude, longitude, created_by, created_date, last_modified_by, last_modified_date, fugitive_line_1_latitude, fugitive_line_1_longitude, fugitive_line_2_latitude, fugitive_line_2_longitude, comments, fence_line_distance, fence_line_distance_uom_code, fugitive_height, fugitive_height_uom_code, fugitive_width, fugitive_width_uom_code, fugitive_length, fugitive_length_uom_code, fugitive_angle) VALUES (base_id + 5, base_id, 'ST01', '2', 'Stack liner serving SG01', 1000.000, 'FT', 25.000, 'FT', 67.000, 'FPS', 315, 34516.50000000, 'ACFS', 'OP', 2008, 33.413705, -85.033074, 'user-id', '2020-03-11 10:48:45.523', 'user-id', '2020-03-11 10:48:45.523', NULL, NULL, NULL, NULL, '', NULL, 'FT', NULL, 'FT', NULL, 'FT', NULL, 'FT', NULL);
		INSERT INTO public.release_point (id, facility_site_id, release_point_identifier, type_code, description, stack_height, stack_height_uom_code, stack_diameter, stack_diameter_uom_code, exit_gas_velocity, exit_gas_velocity_uom_code, exit_gas_temperature, exit_gas_flow_rate, exit_gas_flow_uom_code, status_code, status_year, latitude, longitude, created_by, created_date, last_modified_by, last_modified_date, fugitive_line_1_latitude, fugitive_line_1_longitude, fugitive_line_2_latitude, fugitive_line_2_longitude, comments, fence_line_distance, fence_line_distance_uom_code, fugitive_height, fugitive_height_uom_code, fugitive_width, fugitive_width_uom_code, fugitive_length, fugitive_length_uom_code, fugitive_angle) VALUES (base_id + 6, base_id, 'ST03', '2', 'Stack serving Combustion turbine 5A', 32.000, 'FT', 21.500, 'FT', 81.000, 'FPS', 1049, 30233.00000000, 'ACFS', 'OP', 2008, 33.414772, -85.025888, 'user-id', '2020-03-11 10:48:45.525', 'user-id', '2020-03-11 10:48:45.525', NULL, NULL, NULL, NULL, '', NULL, 'FT', NULL, 'FT', NULL, 'FT', NULL, 'FT', NULL);
		INSERT INTO public.release_point (id, facility_site_id, release_point_identifier, type_code, description, stack_height, stack_height_uom_code, stack_diameter, stack_diameter_uom_code, exit_gas_velocity, exit_gas_velocity_uom_code, exit_gas_temperature, exit_gas_flow_rate, exit_gas_flow_uom_code, status_code, status_year, latitude, longitude, created_by, created_date, last_modified_by, last_modified_date, fugitive_line_1_latitude, fugitive_line_1_longitude, fugitive_line_2_latitude, fugitive_line_2_longitude, comments, fence_line_distance, fence_line_distance_uom_code, fugitive_height, fugitive_height_uom_code, fugitive_width, fugitive_width_uom_code, fugitive_length, fugitive_length_uom_code, fugitive_angle) VALUES (base_id + 7, base_id, 'SS02', '2', 'Scrubber stack serving unit SG02', 675.000, 'FT', 34.000, 'FT', 58.000, 'FPS', 133, 53333.00000000, 'ACFS', 'OP', 2008, 33.411930, -85.034899, 'user-id', '2020-03-11 10:48:45.527', 'user-id', '2020-03-11 10:48:45.527', NULL, NULL, NULL, NULL, '', NULL, 'FT', NULL, 'FT', NULL, 'FT', NULL, 'FT', NULL);
		INSERT INTO public.release_point (id, facility_site_id, release_point_identifier, type_code, description, stack_height, stack_height_uom_code, stack_diameter, stack_diameter_uom_code, exit_gas_velocity, exit_gas_velocity_uom_code, exit_gas_temperature, exit_gas_flow_rate, exit_gas_flow_uom_code, status_code, status_year, latitude, longitude, created_by, created_date, last_modified_by, last_modified_date, fugitive_line_1_latitude, fugitive_line_1_longitude, fugitive_line_2_latitude, fugitive_line_2_longitude, comments, fence_line_distance, fence_line_distance_uom_code, fugitive_height, fugitive_height_uom_code, fugitive_width, fugitive_width_uom_code, fugitive_length, fugitive_length_uom_code, fugitive_angle) VALUES (base_id + 8, base_id, 'ST02', '2', 'Stack liner serving SG02', 1000.000, 'FT', 25.000, 'FT', 66.000, 'FPS', 315, 34001.00000000, 'ACFS', 'OP', 2008, 33.413705, -85.033074, 'user-id', '2020-03-11 10:48:45.529', 'user-id', '2020-03-11 10:48:45.529', NULL, NULL, NULL, NULL, '', NULL, 'FT', NULL, 'FT', NULL, 'FT', NULL, 'FT', NULL);
		INSERT INTO public.release_point (id, facility_site_id, release_point_identifier, type_code, description, stack_height, stack_height_uom_code, stack_diameter, stack_diameter_uom_code, exit_gas_velocity, exit_gas_velocity_uom_code, exit_gas_temperature, exit_gas_flow_rate, exit_gas_flow_uom_code, status_code, status_year, latitude, longitude, created_by, created_date, last_modified_by, last_modified_date, fugitive_line_1_latitude, fugitive_line_1_longitude, fugitive_line_2_latitude, fugitive_line_2_longitude, comments, fence_line_distance, fence_line_distance_uom_code, fugitive_height, fugitive_height_uom_code, fugitive_width, fugitive_width_uom_code, fugitive_length, fugitive_length_uom_code, fugitive_angle) VALUES (base_id + 9, base_id, 'ST05', '2', 'Stack serving CT6B and DB6B', 132.000, 'FT', 16.800, 'FT', 87.000, 'FPS', 198, 19167.00000000, 'ACFS', 'OP', 2008, 33.405920, -85.037030, 'user-id', '2020-03-11 10:48:45.53', 'user-id', '2020-03-11 10:48:45.53', NULL, NULL, NULL, NULL, '', NULL, 'FT', NULL, 'FT', NULL, 'FT', NULL, 'FT', NULL);
		INSERT INTO public.release_point (id, facility_site_id, release_point_identifier, type_code, description, stack_height, stack_height_uom_code, stack_diameter, stack_diameter_uom_code, exit_gas_velocity, exit_gas_velocity_uom_code, exit_gas_temperature, exit_gas_flow_rate, exit_gas_flow_uom_code, status_code, status_year, latitude, longitude, created_by, created_date, last_modified_by, last_modified_date, fugitive_line_1_latitude, fugitive_line_1_longitude, fugitive_line_2_latitude, fugitive_line_2_longitude, comments, fence_line_distance, fence_line_distance_uom_code, fugitive_height, fugitive_height_uom_code, fugitive_width, fugitive_width_uom_code, fugitive_length, fugitive_length_uom_code, fugitive_angle) VALUES (base_id + 10, base_id, 'SS01', '2', 'Scrubber stack serving unit SG01', 675.000, 'FT', 34.000, 'FT', 58.000, 'FPS', 133, 53333.00000000, 'ACFS', 'OP', 2008, 33.411930, -85.034899, 'user-id', '2020-03-11 10:48:45.531', 'user-id', '2020-03-11 10:48:45.531', NULL, NULL, NULL, NULL, '', NULL, 'FT', NULL, 'FT', NULL, 'FT', NULL, 'FT', NULL);
		INSERT INTO public.release_point (id, facility_site_id, release_point_identifier, type_code, description, stack_height, stack_height_uom_code, stack_diameter, stack_diameter_uom_code, exit_gas_velocity, exit_gas_velocity_uom_code, exit_gas_temperature, exit_gas_flow_rate, exit_gas_flow_uom_code, status_code, status_year, latitude, longitude, created_by, created_date, last_modified_by, last_modified_date, fugitive_line_1_latitude, fugitive_line_1_longitude, fugitive_line_2_latitude, fugitive_line_2_longitude, comments, fence_line_distance, fence_line_distance_uom_code, fugitive_height, fugitive_height_uom_code, fugitive_width, fugitive_width_uom_code, fugitive_length, fugitive_length_uom_code, fugitive_angle) VALUES (base_id + 11, base_id, 'ST06', '2', 'Stack serving CT7A and CT7B', 132.000, 'FT', 16.800, 'FT', 87.000, 'FPS', 198, 19167.00000000, 'ACFS', 'OP', 2008, 33.406580, -85.038190, 'user-id', '2020-03-11 10:48:45.533', 'user-id', '2020-03-11 10:48:45.533', NULL, NULL, NULL, NULL, '', NULL, 'FT', NULL, 'FT', NULL, 'FT', NULL, 'FT', NULL);
		INSERT INTO public.release_point (id, facility_site_id, release_point_identifier, type_code, description, stack_height, stack_height_uom_code, stack_diameter, stack_diameter_uom_code, exit_gas_velocity, exit_gas_velocity_uom_code, exit_gas_temperature, exit_gas_flow_rate, exit_gas_flow_uom_code, status_code, status_year, latitude, longitude, created_by, created_date, last_modified_by, last_modified_date, fugitive_line_1_latitude, fugitive_line_1_longitude, fugitive_line_2_latitude, fugitive_line_2_longitude, comments, fence_line_distance, fence_line_distance_uom_code, fugitive_height, fugitive_height_uom_code, fugitive_width, fugitive_width_uom_code, fugitive_length, fugitive_length_uom_code, fugitive_angle) VALUES (base_id + 12, base_id, 'ST04', '2', 'Stack serving CT6A and DB6A', 132.000, 'FT', 16.800, 'FT', 87.000, 'FPS', 198, 19167.00000000, 'ACFS', 'OP', 2008, 33.406080, -85.037190, 'user-id', '2020-03-11 10:48:45.534', 'user-id', '2020-03-11 10:48:45.534', NULL, NULL, NULL, NULL, '', NULL, 'FT', NULL, 'FT', NULL, 'FT', NULL, 'FT', NULL);
		INSERT INTO public.release_point (id, facility_site_id, release_point_identifier, type_code, description, stack_height, stack_height_uom_code, stack_diameter, stack_diameter_uom_code, exit_gas_velocity, exit_gas_velocity_uom_code, exit_gas_temperature, exit_gas_flow_rate, exit_gas_flow_uom_code, status_code, status_year, latitude, longitude, created_by, created_date, last_modified_by, last_modified_date, fugitive_line_1_latitude, fugitive_line_1_longitude, fugitive_line_2_latitude, fugitive_line_2_longitude, comments, fence_line_distance, fence_line_distance_uom_code, fugitive_height, fugitive_height_uom_code, fugitive_width, fugitive_width_uom_code, fugitive_length, fugitive_length_uom_code, fugitive_angle) VALUES (base_id + 13, base_id, 'ST07', '2', 'Stack serving CT7B and DB7B', 132.000, 'FT', 16.800, 'FT', 87.000, 'FPS', 198, 19167.00000000, 'ACFS', 'OP', 2008, 33.406500, -85.038080, 'user-id', '2020-03-11 10:48:45.535', 'user-id', '2020-03-11 10:48:45.535', NULL, NULL, NULL, NULL, '', NULL, 'FT', NULL, 'FT', NULL, 'FT', NULL, 'FT', NULL);


		INSERT INTO public.release_point_appt (id, release_point_id, emissions_process_id, percent, created_by, created_date, last_modified_by, last_modified_date, control_path_id) VALUES (base_id, base_id + 3, base_id + 4, 100.0, 'user-id', '2020-03-11 10:48:45.471', 'user-id', '2020-03-11 10:48:45.471', NULL);
		INSERT INTO public.release_point_appt (id, release_point_id, emissions_process_id, percent, created_by, created_date, last_modified_by, last_modified_date, control_path_id) VALUES (base_id + 1, base_id + 4, base_id + 5, 100.0, 'user-id', '2020-03-11 10:48:45.477', 'user-id', '2020-03-11 10:48:45.477', NULL);
		INSERT INTO public.release_point_appt (id, release_point_id, emissions_process_id, percent, created_by, created_date, last_modified_by, last_modified_date, control_path_id) VALUES (base_id + 2, base_id + 5, base_id + 10, 100.0, 'user-id', '2020-03-11 10:48:45.504', 'user-id', '2020-03-11 10:48:45.504', NULL);
		INSERT INTO public.release_point_appt (id, release_point_id, emissions_process_id, percent, created_by, created_date, last_modified_by, last_modified_date, control_path_id) VALUES (base_id + 3, base_id + 5, base_id + 7, 100.0, 'user-id', '2020-03-11 10:48:45.488', 'user-id', '2020-03-11 10:48:45.488', NULL);
		INSERT INTO public.release_point_appt (id, release_point_id, emissions_process_id, percent, created_by, created_date, last_modified_by, last_modified_date, control_path_id) VALUES (base_id + 4, base_id + 6, base_id + 6, 100.0, 'user-id', '2020-03-11 10:48:45.482', 'user-id', '2020-03-11 10:48:45.482', NULL);
		INSERT INTO public.release_point_appt (id, release_point_id, emissions_process_id, percent, created_by, created_date, last_modified_by, last_modified_date, control_path_id) VALUES (base_id + 5, base_id + 7, base_id + 1, 100.0, 'user-id', '2020-03-11 10:48:45.452', 'user-id', '2020-03-11 10:48:45.452', NULL);
		INSERT INTO public.release_point_appt (id, release_point_id, emissions_process_id, percent, created_by, created_date, last_modified_by, last_modified_date, control_path_id) VALUES (base_id + 6, base_id + 7, base_id, 100.0, 'user-id', '2020-03-11 10:48:45.438', 'user-id', '2020-03-11 10:48:45.438', NULL);
		INSERT INTO public.release_point_appt (id, release_point_id, emissions_process_id, percent, created_by, created_date, last_modified_by, last_modified_date, control_path_id) VALUES (base_id + 7, base_id + 8, base_id + 2, 100.0, 'user-id', '2020-03-11 10:48:45.456', 'user-id', '2020-03-11 10:48:45.456', NULL);
		INSERT INTO public.release_point_appt (id, release_point_id, emissions_process_id, percent, created_by, created_date, last_modified_by, last_modified_date, control_path_id) VALUES (base_id + 8, base_id + 8, base_id + 3, 100.0, 'user-id', '2020-03-11 10:48:45.461', 'user-id', '2020-03-11 10:48:45.461', NULL);
		INSERT INTO public.release_point_appt (id, release_point_id, emissions_process_id, percent, created_by, created_date, last_modified_by, last_modified_date, control_path_id) VALUES (base_id + 9, base_id + 10, base_id + 9, 100.0, 'user-id', '2020-03-11 10:48:45.5', 'user-id', '2020-03-11 10:48:45.5', NULL);
		INSERT INTO public.release_point_appt (id, release_point_id, emissions_process_id, percent, created_by, created_date, last_modified_by, last_modified_date, control_path_id) VALUES (base_id + 10, base_id + 10, base_id + 8, 100.0, 'user-id', '2020-03-11 10:48:45.493', 'user-id', '2020-03-11 10:48:45.493', NULL);


		INSERT INTO public.report_history (id, report_id, action_date, action, user_id, user_full_name, comments, created_by, created_date, last_modified_by, last_modified_date) VALUES (base_id, base_id, '2020-03-11 10:48:45.538', 'CREATED', 'user-id', 'first name last name', NULL, 'user-id', '2020-03-11 10:48:45.538', 'user-id', '2020-03-11 10:48:45.538');
		INSERT INTO public.report_history (id, report_id, action_date, action, user_id, user_full_name, comments, created_by, created_date, last_modified_by, last_modified_date) VALUES (base_id + 1, base_id, '2020-03-11 10:48:45.547', 'CREATED', 'user-id', 'first name last name', NULL, 'user-id', '2020-03-11 10:48:45.547', 'user-id', '2020-03-11 10:48:45.547');


		counter := counter + 1 ;
		base_id := base_id + 70 ;

	END LOOP ; 

	RETURN counter ;
END ;
$$ LANGUAGE plpgsql;